Workbook

Sheet aderyn_impact_outreach_dataset
A1: Participant_ID | B1: Age | C1: Age_Group | D1: Gender | E1: Community_Role | F1: Language_Spoken | G1: English_Proficiency | H1: Participant_Type | I1: Heard_About_Outreach | J1: Information_Source | K1: Attendance_Status | L1: Arrival_Time | M1: Sessions_Attended | N1: Programme_Understanding | O1: Perceived_Purpose | P1: Trust_Level | Q1: Comfort_Level | R1: Participation_Level | S1: Feedback_Provided | T1: Satisfaction_Score | U1: Main_Concern | V1: Preferred_Communication_Method | W1: Would_Attend_Follow_Up | X1: Follow_Up_Preference | Y1: Key_Feedback
A2: AII-001 | B2: 15 | C2: 13â€“19 | D2: Female | E2: Community member | F2: Adara | G2: Basic | H2: Girl | I2: Yes | J2: Village/community leader | K2: Attended | L2: More than 30 minutes late | M2: 3 | N2: Clear | O2: Women health, education and support services | P2: Very high | Q2: Very comfortable | R2: Contributed to discussion | S2: Yes | T2: 5 | U2: Need for elder engagement | V2: Local-language community meeting | W2: Yes | X2: Local-language community meeting | Y2: Meet village elders and gatekeepers before inviting participants.
A3: AII-002 | B3: 40 | C3: 40â€“49 | D3: Female | E3: Village/community leader | F3: English | G3: Conversational | H3: Adult woman | I3: Yes | J3: Family member | K3: Attended | L3: On time | M3: 4 | N3: Clear | O3: Women health, education and support services | P3: Low | Q3: Neutral | R3: Asked one question | S3: Yes | T3: 2 | U3: Need for elder engagement | V3: Local-language community meeting | W3: Yes | X3: Local-language community meeting | Y3: Meet village elders and gatekeepers before inviting participants.
A4: AII-003 | B4: 16 | C4: 13â€“19 | D4: Female | E4: Adolescent participant | F4: Gbagyi | G4: Conversational | H4: Girl | I4: Yes | J4: Teacher/school contact | K4: Attended | L4: On time | M4: 4 | N4: Clear | O4: Women health, education and support services | P4: High | Q4: Comfortable | R4: Contributed to discussion | S4: Yes | T4: 4 | U4: Need for clearer purpose explanation | V4: Local-language community meeting | W4: Yes | X4: Local-language community meeting | Y4: State clearly that the outreach is for health, education and referral information.
A5: AII-004 | B5: 51 | C5: 50+ | D5: Female | E5: Community member | F5: Adara | G5: Conversational | H5: Adult woman | I5: Yes | J5: Teacher/school contact | K5: Attended | L5: On time | M5: 5 | N5: Clear | O5: Women health, education and support services | P5: Moderate | Q5: Uncomfortable | R5: Asked one question | S5: Yes | T5: 3 | U5: Need for clearer purpose explanation | V5: Local-language community meeting | W5: Yes | X5: Local-language community meeting | Y5: State clearly that the outreach is for health, education and referral information.
A6: AII-005 | B6: 35 | C6: 30â€“39 | D6: Female | E6: Village/community leader | F6: Hausa | G6: Conversational | H6: Adult woman | I6: Yes | J6: Religious/community announcement | K6: Attended | L6: On time | M6: 4 | N6: Clear | O6: Women health, education and support services | P6: Very high | Q6: Very comfortable | R6: Actively engaged | S6: Yes | T6: 5 | U6: Need for elder engagement | V6: Local-language community meeting | W6: Yes | X6: Local-language community meeting | Y6: Meet village elders and gatekeepers before inviting participants.
A7: AII-006 | B7: 44 | C7: 40â€“49 | D7: Female | E7: Community member | F7: English | G7: Fluent | H7: Adult woman | I7: Yes | J7: Women group representative | K7: Attended | L7: On time | M7: 3 | N7: Clear | O7: Women health, education and support services | P7: Moderate | Q7: Neutral | R7: Asked one question | S7: No | T7: 3 | U7: Need for clearer purpose explanation | V7: Local-language community meeting | W7: Maybe | X7: Local-language community meeting | Y7: No feedback recorded.
A8: AII-007 | B8: 48 | C8: 40â€“49 | D8: Female | E8: Parent/guardian | F8: Adara | G8: Basic | H8: Adult woman | I8: Yes | J8: Field team invitation | K8: Did not attend | L8: Did not attend | M8: 0 | N8: Not assessed | O8: Not assessed | P8: Not assessed | Q8: Not assessed | R8: Not assessed | S8: No | T8: Not rated | U8: Concern about programme purpose | V8: Women group meeting | W8: Yes | X8: Women group meeting | Y8: Explain the purpose clearly to community leaders first.
A9: AII-008 | B9: 41 | C9: 40â€“49 | D9: Female | E9: Community member | F9: Hausa | G9: None | H9: Adult woman | I9: Yes | J9: Village/community leader | K9: Attended | L9: On time | M9: 4 | N9: Partial | O9: Unclear; possibly external influence | P9: Moderate | Q9: Neutral | R9: Asked one question | S9: No | T9: 3 | U9: Language barrier | V9: Women group meeting | W9: No | X9: Women group meeting | Y9: No feedback recorded.
A10: AII-009 | B10: 37 | C10: 30â€“39 | D10: Female | E10: Community member | F10: Adara | G10: None | H10: Adult woman | I10: Yes | J10: Friend/neighbour | K10: Attended | L10: On time | M10: 4 | N10: Limited | O10: Unclear; possibly external influence | P10: Low | Q10: Very uncomfortable | R10: Asked one question | S10: No | T10: 1 | U10: Language barrier | V10: Women group meeting | W10: Maybe | X10: Women group meeting | Y10: No feedback recorded.
A11: AII-010 | B11: 31 | C11: 30â€“39 | D11: Female | E11: Parent/guardian | F11: Hausa | G11: Basic | H11: Adult woman | I11: No | J11: Not applicable | K11: Did not attend | L11: Did not attend | M11: 0 | N11: Not assessed | O11: Not assessed | P11: Not assessed | Q11: Not assessed | R11: Not assessed | S11: No | T11: Not rated | U11: Did not hear about programme | V11: School-based session | W11: No | X11: School-based session | Y11: Use community announcements and local networks earlier.
A12: AII-011 | B12: 13 | C12: 13â€“19 | D12: Female | E12: Adolescent participant | F12: Hausa | G12: Conversational | H12: Girl | I12: Yes | J12: Family member | K12: Attended | L12: More than 30 minutes late | M12: 2 | N12: Clear | O12: Women health, education and support services | P12: Low | Q12: Neutral | R12: Observed only | S12: No | T12: 2 | U12: Need for elder engagement | V12: School-based session | W12: Maybe | X12: School-based session | Y12: No feedback recorded.
A13: AII-012 | B13: 45 | C13: 40â€“49 | D13: Female | E13: Community member | F13: Adara | G13: None | H13: Adult woman | I13: Yes | J13: Teacher/school contact | K13: Attended | L13: 15â€“30 minutes late | M13: 5 | N13: Partial | O13: Women health and education | P13: Moderate | Q13: Comfortable | R13: Contributed to discussion | S13: No | T13: 5 | U13: Language barrier | V13: School-based session | W13: Maybe | X13: School-based session | Y13: No feedback recorded.
A14: AII-013 | B14: 21 | C14: 20â€“29 | D14: Female | E14: Community member | F14: English | G14: Fluent | H14: Young woman | I14: Yes | J14: Friend/neighbour | K14: Attended | L14: 15â€“30 minutes late | M14: 4 | N14: Clear | O14: Women health, education and support services | P14: High | Q14: Comfortable | R14: Asked one question | S14: Yes | T14: 4 | U14: Language barrier | V14: School-based session | W14: Yes | X14: School-based session | Y14: Use an Adara/Hausa interpreter and explain each topic slowly.
A15: AII-014 | B15: 19 | C15: 13â€“19 | D15: Female | E15: Community member | F15: Adara | G15: None | H15: Young woman | I15: Yes | J15: Village/community leader | K15: Did not attend | L15: Did not attend | M15: 0 | N15: Not assessed | O15: Not assessed | P15: Not assessed | Q15: Not assessed | R15: Not assessed | S15: No | T15: Not rated | U15: Household/time constraints | V15: Local-language community meeting | W15: Yes | X15: Local-language community meeting | Y15: Choose a time that does not conflict with household responsibilities.
A16: AII-015 | B16: 24 | C16: 20â€“29 | D16: Female | E16: Parent/guardian | F16: English | G16: Fluent | H16: Young woman | I16: Yes | J16: Village/community leader | K16: Attended | L16: On time | M16: 5 | N16: Clear | O16: Women health, education and support services | P16: Very high | Q16: Comfortable | R16: Asked one question | S16: Yes | T16: 5 | U16: Need for clearer purpose explanation | V16: School-based session | W16: Yes | X16: School-based session | Y16: State clearly that the outreach is for health, education and referral information.
A17: AII-016 | B17: 37 | C17: 30â€“39 | D17: Female | E17: Parent/guardian | F17: Adara | G17: None | H17: Adult woman | I17: Yes | J17: Family member | K17: Did not attend | L17: Did not attend | M17: 0 | N17: Not assessed | O17: Not assessed | P17: Not assessed | Q17: Not assessed | R17: Not assessed | S17: No | T17: Not rated | U17: Concern about programme purpose | V17: Home/compound visit | W17: Yes | X17: Home/compound visit | Y17: Explain the purpose clearly to community leaders first.
A18: AII-017 | B18: 53 | C18: 50+ | D18: Female | E18: Parent/guardian | F18: English | G18: Conversational | H18: Adult woman | I18: Yes | J18: Teacher/school contact | K18: Attended | L18: On time | M18: 4 | N18: Clear | O18: Women health, education and support services | P18: Moderate | Q18: Neutral | R18: Listened quietly | S18: No | T18: 3 | U18: Language barrier | V18: School-based session | W18: Yes | X18: School-based session | Y18: No feedback recorded.
A19: AII-018 | B19: 36 | C19: 30â€“39 | D19: Female | E19: Teacher | F19: Gbagyi | G19: Basic | H19: Community stakeholder | I19: Yes | J19: Field team invitation | K19: Did not attend | L19: Did not attend | M19: 0 | N19: Not assessed | O19: Not assessed | P19: Not assessed | Q19: Not assessed | R19: Not assessed | S19: No | T19: Not rated | U19: Concern about programme purpose | V19: School-based session | W19: Yes | X19: School-based session | Y19: Explain the purpose clearly to community leaders first.
A20: AII-019 | B20: 31 | C20: 30â€“39 | D20: Female | E20: Teacher | F20: English | G20: Fluent | H20: Adult woman | I20: Yes | J20: Field team invitation | K20: Attended | L20: 15â€“30 minutes late | M20: 3 | N20: Clear | O20: Women health, education and support services | P20: Moderate | Q20: Uncomfortable | R20: Listened quietly | S20: Yes | T20: 2 | U20: No major concern | V20: School-based session | W20: Yes | X20: School-based session | Y20: The team was respectful; repeat the session with local support.
A21: AII-020 | B21: 30 | C21: 30â€“39 | D21: Female | E21: Teacher | F21: Adara | G21: Conversational | H21: Adult woman | I21: Yes | J21: Friend/neighbour | K21: Did not attend | L21: Did not attend | M21: 0 | N21: Not assessed | O21: Not assessed | P21: Not assessed | Q21: Not assessed | R21: Not assessed | S21: No | T21: Not rated | U21: Language barrier | V21: Home/compound visit | W21: No | X21: Home/compound visit | Y21: Use a trusted local-language interpreter.
A22: AII-021 | B22: 13 | C22: 13â€“19 | D22: Female | E22: Community member | F22: Adara | G22: None | H22: Girl | I22: Yes | J22: Friend/neighbour | K22: Attended | L22: 15â€“30 minutes late | M22: 3 | N22: Limited | O22: Health talk only | P22: Very low | Q22: Uncomfortable | R22: Listened quietly | S22: Yes | T22: 2 | U22: No major concern | V22: Women group meeting | W22: Maybe | X22: Women group meeting | Y22: The team was respectful; repeat the session with local support.
A23: AII-022 | B23: 19 | C23: 13â€“19 | D23: Female | E23: Adolescent participant | F23: Adara | G23: Basic | H23: Young woman | I23: No | J23: Not applicable | K23: Did not attend | L23: Did not attend | M23: 0 | N23: Not assessed | O23: Not assessed | P23: Not assessed | Q23: Not assessed | R23: Not assessed | S23: No | T23: Not rated | U23: Did not hear about programme | V23: Women group meeting | W23: Maybe | X23: Women group meeting | Y23: Use community announcements and local networks earlier.
A24: AII-023 | B24: 56 | C24: 50+ | D24: Female | E24: Community member | F24: English | G24: Basic | H24: Adult woman | I24: Yes | J24: Teacher/school contact | K24: Attended | L24: 15â€“30 minutes late | M24: 5 | N24: Partial | O24: Women health and education | P24: Moderate | Q24: Neutral | R24: Contributed to discussion | S24: Yes | T24: 4 | U24: Need for elder engagement | V24: Local-language community meeting | W24: No | X24: Local-language community meeting | Y24: Meet village elders and gatekeepers before inviting participants.
A25: AII-024 | B25: 41 | C25: 40â€“49 | D25: Female | E25: Community member | F25: English | G25: Basic | H25: Adult woman | I25: Yes | J25: Teacher/school contact | K25: Did not attend | L25: Did not attend | M25: 0 | N25: Not assessed | O25: Not assessed | P25: Not assessed | Q25: Not assessed | R25: Not assessed | S25: No | T25: Not rated | U25: Language barrier | V25: School-based session | W25: Maybe | X25: School-based session | Y25: Use a trusted local-language interpreter.
A26: AII-025 | B26: 28 | C26: 20â€“29 | D26: Female | E26: Community member | F26: Adara | G26: None | H26: Young woman | I26: Yes | J26: Women group representative | K26: Did not attend | L26: Did not attend | M26: 0 | N26: Not assessed | O26: Not assessed | P26: Not assessed | Q26: Not assessed | R26: Not assessed | S26: No | T26: Not rated | U26: Household/time constraints | V26: Radio announcement | W26: Yes | X26: Radio announcement | Y26: Choose a time that does not conflict with household responsibilities.
A27: AII-026 | B27: 18 | C27: 13â€“19 | D27: Female | E27: Adolescent participant | F27: Adara | G27: None | H27: Young woman | I27: Yes | J27: Village/community leader | K27: Did not attend | L27: Did not attend | M27: 0 | N27: Not assessed | O27: Not assessed | P27: Not assessed | Q27: Not assessed | R27: Not assessed | S27: No | T27: Not rated | U27: Concern about programme purpose | V27: Women group meeting | W27: Maybe | X27: Women group meeting | Y27: Explain the purpose clearly to community leaders first.
A28: AII-027 | B28: 14 | C28: 13â€“19 | D28: Female | E28: Community member | F28: Adara | G28: None | H28: Girl | I28: Yes | J28: Field team invitation | K28: Attended | L28: On time | M28: 1 | N28: Limited | O28: Unclear; possibly external influence | P28: Very low | Q28: Very uncomfortable | R28: Observed only | S28: Yes | T28: 1 | U28: Household/time constraints | V28: Women group meeting | W28: No | X28: Women group meeting | Y28: Hold the next meeting after household chores and give advance notice.
A29: AII-028 | B29: 29 | C29: 20â€“29 | D29: Female | E29: Community member | F29: Adara | G29: Basic | H29: Young woman | I29: Yes | J29: Friend/neighbour | K29: Attended | L29: On time | M29: 2 | N29: Partial | O29: Women health and education | P29: Low | Q29: Very uncomfortable | R29: Observed only | S29: Yes | T29: 1 | U29: No major concern | V29: Women group meeting | W29: No | X29: Women group meeting | Y29: The team was respectful; repeat the session with local support.
A30: AII-029 | B30: 15 | C30: 13â€“19 | D30: Female | E30: Adolescent participant | F30: Adara | G30: Conversational | H30: Girl | I30: Yes | J30: Village/community leader | K30: Attended | L30: 15â€“30 minutes late | M30: 5 | N30: Clear | O30: Women health, education and support services | P30: High | Q30: Comfortable | R30: Asked one question | S30: Yes | T30: 4 | U30: Need for clearer purpose explanation | V30: Women group meeting | W30: Yes | X30: Women group meeting | Y30: State clearly that the outreach is for health, education and referral information.
A31: AII-030 | B31: 15 | C31: 13â€“19 | D31: Female | E31: Adolescent participant | F31: Adara | G31: None | H31: Girl | I31: Yes | J31: Family member | K31: Attended | L31: 15â€“30 minutes late | M31: 2 | N31: Partial | O31: Unclear; possibly external influence | P31: Low | Q31: Neutral | R31: Listened quietly | S31: Yes | T31: 2 | U31: Need for clearer purpose explanation | V31: Women group meeting | W31: Maybe | X31: Women group meeting | Y31: State clearly that the outreach is for health, education and referral information.
A32: AII-031 | B32: 36 | C32: 30â€“39 | D32: Female | E32: Community member | F32: Adara | G32: None | H32: Adult woman | I32: Yes | J32: Friend/neighbour | K32: Did not attend | L32: Did not attend | M32: 0 | N32: Not assessed | O32: Not assessed | P32: Not assessed | Q32: Not assessed | R32: Not assessed | S32: No | T32: Not rated | U32: Concern about programme purpose | V32: Home/compound visit | W32: Yes | X32: Home/compound visit | Y32: Explain the purpose clearly to community leaders first.
A33: AII-032 | B33: 14 | C33: 13â€“19 | D33: Female | E33: Community member | F33: Adara | G33: None | H33: Girl | I33: Yes | J33: Friend/neighbour | K33: Attended | L33: On time | M33: 3 | N33: Limited | O33: Unclear; possibly external influence | P33: Very low | Q33: Very uncomfortable | R33: Listened quietly | S33: Yes | T33: 2 | U33: Need for elder engagement | V33: Local-language community meeting | W33: No | X33: Local-language community meeting | Y33: Meet village elders and gatekeepers before inviting participants.
A34: AII-033 | B34: 14 | C34: 13â€“19 | D34: Female | E34: Adolescent participant | F34: Hausa | G34: None | H34: Girl | I34: Yes | J34: Religious/community announcement | K34: Attended | L34: On time | M34: 2 | N34: Limited | O34: Unsure why women and girls were invited | P34: Very low | Q34: Very uncomfortable | R34: Observed only | S34: Yes | T34: 2 | U34: Need for clearer purpose explanation | V34: School-based session | W34: No | X34: School-based session | Y34: State clearly that the outreach is for health, education and referral information.
A35: AII-034 | B35: 46 | C35: 40â€“49 | D35: Female | E35: Parent/guardian | F35: Gbagyi | G35: None | H35: Adult woman | I35: Yes | J35: Women group representative | K35: Attended | L35: 15â€“30 minutes late | M35: 4 | N35: Partial | O35: Unclear; possibly external influence | P35: Moderate | Q35: Neutral | R35: Contributed to discussion | S35: No | T35: 3 | U35: Need for clearer purpose explanation | V35: Women group meeting | W35: No | X35: Women group meeting | Y35: No feedback recorded.
A36: AII-035 | B36: 39 | C36: 30â€“39 | D36: Female | E36: Community member | F36: Adara | G36: Basic | H36: Adult woman | I36: Yes | J36: Women group representative | K36: Attended | L36: 15â€“30 minutes late | M36: 2 | N36: Partial | O36: Women health and education | P36: Moderate | Q36: Neutral | R36: Listened quietly | S36: Yes | T36: 3 | U36: Household/time constraints | V36: Women group meeting | W36: No | X36: Women group meeting | Y36: Hold the next meeting after household chores and give advance notice.
A37: AII-036 | B37: 41 | C37: 40â€“49 | D37: Female | E37: Teacher | F37: Gbagyi | G37: Basic | H37: Adult woman | I37: No | J37: Not applicable | K37: Did not attend | L37: Did not attend | M37: 0 | N37: Not assessed | O37: Not assessed | P37: Not assessed | Q37: Not assessed | R37: Not assessed | S37: No | T37: Not rated | U37: Did not hear about programme | V37: School-based session | W37: No | X37: School-based session | Y37: Use community announcements and local networks earlier.
A38: AII-037 | B38: 61 | C38: 50+ | D38: Female | E38: Village/community leader | F38: Hausa | G38: Basic | H38: Adult woman | I38: Yes | J38: Religious/community announcement | K38: Did not attend | L38: Did not attend | M38: 0 | N38: Not assessed | O38: Not assessed | P38: Not assessed | Q38: Not assessed | R38: Not assessed | S38: No | T38: Not rated | U38: Insufficient prior information | V38: Women group meeting | W38: Maybe | X38: Women group meeting | Y38: Share information through elders and women leaders before the event.
A39: AII-038 | B39: 20 | C39: 20â€“29 | D39: Female | E39: Community member | F39: Adara | G39: Basic | H39: Young woman | I39: Yes | J39: Friend/neighbour | K39: Attended | L39: 15â€“30 minutes late | M39: 2 | N39: Partial | O39: Unclear; possibly external influence | P39: Low | Q39: Uncomfortable | R39: Observed only | S39: No | T39: 3 | U39: Language barrier | V39: Women group meeting | W39: No | X39: Women group meeting | Y39: No feedback recorded.
A40: AII-039 | B40: 15 | C40: 13â€“19 | D40: Female | E40: Adolescent participant | F40: Adara | G40: None | H40: Girl | I40: Yes | J40: Family member | K40: Attended | L40: On time | M40: 3 | N40: Limited | O40: Health talk only | P40: Very low | Q40: Very uncomfortable | R40: Listened quietly | S40: Yes | T40: 2 | U40: No major concern | V40: School-based session | W40: No | X40: School-based session | Y40: The team was respectful; repeat the session with local support.
A41: AII-040 | B41: 16 | C41: 13â€“19 | D41: Female | E41: Community member | F41: Hausa | G41: Conversational | H41: Girl | I41: No | J41: Not applicable | K41: Did not attend | L41: Did not attend | M41: 0 | N41: Not assessed | O41: Not assessed | P41: Not assessed | Q41: Not assessed | R41: Not assessed | S41: No | T41: Not rated | U41: Did not hear about programme | V41: Radio announcement | W41: Yes | X41: Radio announcement | Y41: Use community announcements and local networks earlier.
A42: AII-041 | B42: 60 | C42: 50+ | D42: Female | E42: Village/community leader | F42: Adara | G42: Conversational | H42: Adult woman | I42: Yes | J42: Family member | K42: Attended | L42: 15â€“30 minutes late | M42: 4 | N42: Partial | O42: Women health and education | P42: Very low | Q42: Uncomfortable | R42: Asked one question | S42: Yes | T42: 2 | U42: Need for elder engagement | V42: Local-language community meeting | W42: No | X42: Local-language community meeting | Y42: Meet village elders and gatekeepers before inviting participants.
A43: AII-042 | B43: 17 | C43: 13â€“19 | D43: Female | E43: Adolescent participant | F43: Adara | G43: Conversational | H43: Girl | I43: Yes | J43: Village/community leader | K43: Attended | L43: On time | M43: 3 | N43: Clear | O43: Women health, education and support services | P43: High | Q43: Comfortable | R43: Contributed to discussion | S43: Yes | T43: 3 | U43: Need for clearer purpose explanation | V43: Home/compound visit | W43: Yes | X43: Home/compound visit | Y43: State clearly that the outreach is for health, education and referral information.
A44: AII-043 | B44: 44 | C44: 40â€“49 | D44: Female | E44: Village/community leader | F44: Gbagyi | G44: Conversational | H44: Community stakeholder | I44: Yes | J44: Field team invitation | K44: Attended | L44: 15â€“30 minutes late | M44: 2 | N44: Partial | O44: Women health and education | P44: Very low | Q44: Very uncomfortable | R44: Observed only | S44: Yes | T44: 1 | U44: Language barrier | V44: Women group meeting | W44: No | X44: Women group meeting | Y44: Use an Adara/Hausa interpreter and explain each topic slowly.
A45: AII-044 | B45: 57 | C45: 50+ | D45: Female | E45: Parent/guardian | F45: Hausa | G45: Basic | H45: Adult woman | I45: Yes | J45: Field team invitation | K45: Did not attend | L45: Did not attend | M45: 0 | N45: Not assessed | O45: Not assessed | P45: Not assessed | Q45: Not assessed | R45: Not assessed | S45: No | T45: Not rated | U45: Household/time constraints | V45: Women group meeting | W45: Maybe | X45: Women group meeting | Y45: Choose a time that does not conflict with household responsibilities.
A46: AII-045 | B46: 18 | C46: 13â€“19 | D46: Female | E46: Adolescent participant | F46: Hausa | G46: Fluent | H46: Young woman | I46: Yes | J46: Field team invitation | K46: Attended | L46: On time | M46: 3 | N46: Partial | O46: Unclear; possibly external influence | P46: Low | Q46: Uncomfortable | R46: Listened quietly | S46: No | T46: 2 | U46: Need for clearer purpose explanation | V46: Local-language community meeting | W46: No | X46: Local-language community meeting | Y46: No feedback recorded.
A47: AII-046 | B47: 42 | C47: 40â€“49 | D47: Female | E47: Parent/guardian | F47: Adara | G47: None | H47: Adult woman | I47: Yes | J47: Friend/neighbour | K47: Did not attend | L47: Did not attend | M47: 0 | N47: Not assessed | O47: Not assessed | P47: Not assessed | Q47: Not assessed | R47: Not assessed | S47: No | T47: Not rated | U47: Concern about programme purpose | V47: Local-language community meeting | W47: Maybe | X47: Local-language community meeting | Y47: Explain the purpose clearly to community leaders first.
A48: AII-047 | B48: 13 | C48: 13â€“19 | D48: Female | E48: Community member | F48: English | G48: Fluent | H48: Girl | I48: No | J48: Not applicable | K48: Did not attend | L48: Did not attend | M48: 0 | N48: Not assessed | O48: Not assessed | P48: Not assessed | Q48: Not assessed | R48: Not assessed | S48: No | T48: Not rated | U48: Did not hear about programme | V48: Women group meeting | W48: No | X48: Women group meeting | Y48: Use community announcements and local networks earlier.
A49: AII-048 | B49: 14 | C49: 13â€“19 | D49: Female | E49: Adolescent participant | F49: Adara | G49: Basic | H49: Girl | I49: Yes | J49: Women group representative | K49: Did not attend | L49: Did not attend | M49: 0 | N49: Not assessed | O49: Not assessed | P49: Not assessed | Q49: Not assessed | R49: Not assessed | S49: No | T49: Not rated | U49: Insufficient prior information | V49: Local-language community meeting | W49: No | X49: Local-language community meeting | Y49: Share information through elders and women leaders before the event.
A50: AII-049 | B50: 24 | C50: 20â€“29 | D50: Female | E50: Community member | F50: English | G50: Conversational | H50: Young woman | I50: No | J50: Not applicable | K50: Did not attend | L50: Did not attend | M50: 0 | N50: Not assessed | O50: Not assessed | P50: Not assessed | Q50: Not assessed | R50: Not assessed | S50: No | T50: Not rated | U50: Did not hear about programme | V50: Women group meeting | W50: No | X50: Women group meeting | Y50: Use community announcements and local networks earlier.
A51: AII-050 | B51: 41 | C51: 40â€“49 | D51: Female | E51: Community member | F51: Hausa | G51: None | H51: Adult woman | I51: Yes | J51: Family member | K51: Attended | L51: On time | M51: 1 | N51: Partial | O51: Women health and education | P51: Low | Q51: Uncomfortable | R51: Observed only | S51: No | T51: 1 | U51: No major concern | V51: Women group meeting | W51: Yes | X51: Women group meeting | Y51: No feedback recorded.
A52: AII-051 | B52: 13 | C52: 13â€“19 | D52: Female | E52: Adolescent participant | F52: Adara | G52: Basic | H52: Girl | I52: Yes | J52: Family member | K52: Attended | L52: On time | M52: 1 | N52: Partial | O52: Women health and education | P52: Low | Q52: Neutral | R52: Observed only | S52: Yes | T52: 2 | U52: Language barrier | V52: Women group meeting | W52: No | X52: Women group meeting | Y52: Use an Adara/Hausa interpreter and explain each topic slowly.
A53: AII-052 | B53: 20 | C53: 20â€“29 | D53: Female | E53: Community member | F53: Hausa | G53: Conversational | H53: Young woman | I53: Yes | J53: Field team invitation | K53: Attended | L53: On time | M53: 3 | N53: Partial | O53: Unclear; possibly external influence | P53: Moderate | Q53: Neutral | R53: Contributed to discussion | S53: No | T53: 4 | U53: Need for clearer purpose explanation | V53: Radio announcement | W53: No | X53: Radio announcement | Y53: No feedback recorded.
A54: AII-053 | B54: 32 | C54: 30â€“39 | D54: Female | E54: Community member | F54: English | G54: Conversational | H54: Adult woman | I54: No | J54: Not applicable | K54: Did not attend | L54: Did not attend | M54: 0 | N54: Not assessed | O54: Not assessed | P54: Not assessed | Q54: Not assessed | R54: Not assessed | S54: No | T54: Not rated | U54: Did not hear about programme | V54: Women group meeting | W54: Maybe | X54: Women group meeting | Y54: Use community announcements and local networks earlier.
A55: AII-054 | B55: 35 | C55: 30â€“39 | D55: Female | E55: Community member | F55: Hausa | G55: None | H55: Adult woman | I55: Yes | J55: Friend/neighbour | K55: Did not attend | L55: Did not attend | M55: 0 | N55: Not assessed | O55: Not assessed | P55: Not assessed | Q55: Not assessed | R55: Not assessed | S55: No | T55: Not rated | U55: Household/time constraints | V55: Women group meeting | W55: Yes | X55: Women group meeting | Y55: Choose a time that does not conflict with household responsibilities.
A56: AII-055 | B56: 18 | C56: 13â€“19 | D56: Female | E56: Adolescent participant | F56: Hausa | G56: Conversational | H56: Young woman | I56: Yes | J56: Friend/neighbour | K56: Did not attend | L56: Did not attend | M56: 0 | N56: Not assessed | O56: Not assessed | P56: Not assessed | Q56: Not assessed | R56: Not assessed | S56: No | T56: Not rated | U56: Insufficient prior information | V56: Local-language community meeting | W56: Maybe | X56: Local-language community meeting | Y56: Share information through elders and women leaders before the event.
A57: AII-056 | B57: 25 | C57: 20â€“29 | D57: Female | E57: Community member | F57: English | G57: Conversational | H57: Young woman | I57: Yes | J57: Friend/neighbour | K57: Attended | L57: On time | M57: 3 | N57: Clear | O57: Women health, education and support services | P57: Moderate | Q57: Neutral | R57: Contributed to discussion | S57: Yes | T57: 3 | U57: Limited time for questions | V57: Women group meeting | W57: Yes | X57: Women group meeting | Y57: Allow more time for questions and small-group discussion.
A58: AII-057 | B58: 54 | C58: 50+ | D58: Female | E58: Community member | F58: English | G58: Conversational | H58: Adult woman | I58: Yes | J58: Women group representative | K58: Attended | L58: 15â€“30 minutes late | M58: 4 | N58: Clear | O58: Women health, education and support services | P58: High | Q58: Comfortable | R58: Actively engaged | S58: Yes | T58: 4 | U58: Need for clearer purpose explanation | V58: Home/compound visit | W58: Yes | X58: Home/compound visit | Y58: State clearly that the outreach is for health, education and referral information.
A59: AII-058 | B59: 17 | C59: 13â€“19 | D59: Female | E59: Adolescent participant | F59: Adara | G59: None | H59: Girl | I59: No | J59: Not applicable | K59: Did not attend | L59: Did not attend | M59: 0 | N59: Not assessed | O59: Not assessed | P59: Not assessed | Q59: Not assessed | R59: Not assessed | S59: No | T59: Not rated | U59: Did not hear about programme | V59: Women group meeting | W59: No | X59: Women group meeting | Y59: Use community announcements and local networks earlier.
A60: AII-059 | B60: 63 | C60: 50+ | D60: Female | E60: Village/community leader | F60: Adara | G60: None | H60: Community stakeholder | I60: Yes | J60: Field team invitation | K60: Attended | L60: On time | M60: 1 | N60: Limited | O60: Unsure why women and girls were invited | P60: Very high | Q60: Very uncomfortable | R60: Observed only | S60: Yes | T60: 1 | U60: Language barrier | V60: Home/compound visit | W60: No | X60: Home/compound visit | Y60: Use an Adara/Hausa interpreter and explain each topic slowly.
A61: AII-060 | B61: 57 | C61: 50+ | D61: Female | E61: Community member | F61: Hausa | G61: Basic | H61: Adult woman | I61: Yes | J61: Teacher/school contact | K61: Attended | L61: On time | M61: 3 | N61: Partial | O61: Unclear; possibly external influence | P61: Moderate | Q61: Neutral | R61: Listened quietly | S61: Yes | T61: 3 | U61: Need for clearer purpose explanation | V61: Radio announcement | W61: Maybe | X61: Radio announcement | Y61: State clearly that the outreach is for health, education and referral information.
A62: AII-061 | B62: 13 | C62: 13â€“19 | D62: Female | E62: Community member | F62: Hausa | G62: Conversational | H62: Girl | I62: Yes | J62: Family member | K62: Attended | L62: More than 30 minutes late | M62: 3 | N62: Partial | O62: Women health and education | P62: Low | Q62: Uncomfortable | R62: Listened quietly | S62: Yes | T62: 3 | U62: Need for clearer purpose explanation | V62: Local-language community meeting | W62: No | X62: Local-language community meeting | Y62: State clearly that the outreach is for health, education and referral information.
A63: AII-062 | B63: 41 | C63: 40â€“49 | D63: Female | E63: Parent/guardian | F63: Gbagyi | G63: None | H63: Adult woman | I63: Yes | J63: Village/community leader | K63: Attended | L63: 15â€“30 minutes late | M63: 4 | N63: Partial | O63: Women health and education | P63: High | Q63: Very comfortable | R63: Asked one question | S63: Yes | T63: 3 | U63: Limited time for questions | V63: Home/compound visit | W63: Maybe | X63: Home/compound visit | Y63: Allow more time for questions and small-group discussion.
A64: AII-063 | B64: 19 | C64: 13â€“19 | D64: Female | E64: Community member | F64: Gbagyi | G64: None | H64: Young woman | I64: Yes | J64: Friend/neighbour | K64: Did not attend | L64: Did not attend | M64: 0 | N64: Not assessed | O64: Not assessed | P64: Not assessed | Q64: Not assessed | R64: Not assessed | S64: No | T64: Not rated | U64: Household/time constraints | V64: Local-language community meeting | W64: Maybe | X64: Local-language community meeting | Y64: Choose a time that does not conflict with household responsibilities.
A65: AII-064 | B65: 31 | C65: 30â€“39 | D65: Female | E65: Community member | F65: Adara | G65: Conversational | H65: Adult woman | I65: Yes | J65: Field team invitation | K65: Did not attend | L65: Did not attend | M65: 0 | N65: Not assessed | O65: Not assessed | P65: Not assessed | Q65: Not assessed | R65: Not assessed | S65: No | T65: Not rated | U65: Insufficient prior information | V65: Home/compound visit | W65: No | X65: Home/compound visit | Y65: Share information through elders and women leaders before the event.
A66: AII-065 | B66: 43 | C66: 40â€“49 | D66: Female | E66: Parent/guardian | F66: Hausa | G66: Conversational | H66: Adult woman | I66: Yes | J66: Women group representative | K66: Attended | L66: On time | M66: 4 | N66: Clear | O66: Women health, education and support services | P66: High | Q66: Comfortable | R66: Contributed to discussion | S66: Yes | T66: 3 | U66: Limited time for questions | V66: Women group meeting | W66: Yes | X66: Women group meeting | Y66: Allow more time for questions and small-group discussion.
A67: AII-066 | B67: 56 | C67: 50+ | D67: Female | E67: Community member | F67: Hausa | G67: None | H67: Adult woman | I67: Yes | J67: Friend/neighbour | K67: Attended | L67: On time | M67: 3 | N67: Limited | O67: Unclear; possibly external influence | P67: Very low | Q67: Very uncomfortable | R67: Observed only | S67: Yes | T67: 1 | U67: Need for clearer purpose explanation | V67: Home/compound visit | W67: No | X67: Home/compound visit | Y67: State clearly that the outreach is for health, education and referral information.
A68: AII-067 | B68: 16 | C68: 13â€“19 | D68: Female | E68: Adolescent participant | F68: Fulfulde | G68: None | H68: Girl | I68: Yes | J68: Village/community leader | K68: Did not attend | L68: Did not attend | M68: 0 | N68: Not assessed | O68: Not assessed | P68: Not assessed | Q68: Not assessed | R68: Not assessed | S68: No | T68: Not rated | U68: Insufficient prior information | V68: Home/compound visit | W68: No | X68: Home/compound visit | Y68: Share information through elders and women leaders before the event.
A69: AII-068 | B69: 18 | C69: 13â€“19 | D69: Female | E69: Community member | F69: Gbagyi | G69: Basic | H69: Young woman | I69: Yes | J69: Village/community leader | K69: Attended | L69: On time | M69: 3 | N69: Partial | O69: Unclear; possibly external influence | P69: Moderate | Q69: Neutral | R69: Listened quietly | S69: No | T69: 4 | U69: Need for clearer purpose explanation | V69: School-based session | W69: No | X69: School-based session | Y69: No feedback recorded.
A70: AII-069 | B70: 53 | C70: 50+ | D70: Female | E70: Village/community leader | F70: Adara | G70: Basic | H70: Adult woman | I70: Yes | J70: Village/community leader | K70: Attended | L70: 15â€“30 minutes late | M70: 3 | N70: Partial | O70: Women health and education | P70: Moderate | Q70: Uncomfortable | R70: Listened quietly | S70: No | T70: 2 | U70: Need for elder engagement | V70: Women group meeting | W70: Yes | X70: Women group meeting | Y70: No feedback recorded.
A71: AII-070 | B71: 39 | C71: 30â€“39 | D71: Female | E71: Community member | F71: Hausa | G71: Basic | H71: Adult woman | I71: Yes | J71: Village/community leader | K71: Attended | L71: 15â€“30 minutes late | M71: 4 | N71: Partial | O71: Unclear; possibly external influence | P71: Moderate | Q71: Neutral | R71: Contributed to discussion | S71: No | T71: 2 | U71: Household/time constraints | V71: Local-language community meeting | W71: Yes | X71: Local-language community meeting | Y71: No feedback recorded.
A72: AII-071 | B72: 13 | C72: 13â€“19 | D72: Female | E72: Adolescent participant | F72: Adara | G72: Basic | H72: Girl | I72: No | J72: Not applicable | K72: Did not attend | L72: Did not attend | M72: 0 | N72: Not assessed | O72: Not assessed | P72: Not assessed | Q72: Not assessed | R72: Not assessed | S72: No | T72: Not rated | U72: Did not hear about programme | V72: Local-language community meeting | W72: Maybe | X72: Local-language community meeting | Y72: Use community announcements and local networks earlier.
A73: AII-072 | B73: 16 | C73: 13â€“19 | D73: Female | E73: Community member | F73: Adara | G73: None | H73: Girl | I73: Yes | J73: Village/community leader | K73: Attended | L73: 15â€“30 minutes late | M73: 1 | N73: Limited | O73: Unsure why women and girls were invited | P73: Low | Q73: Uncomfortable | R73: Observed only | S73: No | T73: 2 | U73: Need for clearer purpose explanation | V73: Local-language community meeting | W73: Maybe | X73: Local-language community meeting | Y73: No feedback recorded.
A74: AII-073 | B74: 18 | C74: 13â€“19 | D74: Female | E74: Community member | F74: Fulfulde | G74: None | H74: Young woman | I74: Yes | J74: Village/community leader | K74: Attended | L74: 15â€“30 minutes late | M74: 4 | N74: Limited | O74: Unsure why women and girls were invited | P74: Low | Q74: Uncomfortable | R74: Asked one question | S74: Yes | T74: 1 | U74: Need for clearer purpose explanation | V74: School-based session | W74: No | X74: School-based session | Y74: State clearly that the outreach is for health, education and referral information.
A75: AII-074 | B75: 43 | C75: 40â€“49 | D75: Female | E75: Community member | F75: Adara | G75: None | H75: Adult woman | I75: Yes | J75: Village/community leader | K75: Attended | L75: 15â€“30 minutes late | M75: 3 | N75: Partial | O75: Unclear; possibly external influence | P75: High | Q75: Comfortable | R75: Asked one question | S75: Yes | T75: 5 | U75: Need for clearer purpose explanation | V75: Women group meeting | W75: Maybe | X75: Women group meeting | Y75: State clearly that the outreach is for health, education and referral information.
A76: AII-075 | B76: 14 | C76: 13â€“19 | D76: Female | E76: Community member | F76: Adara | G76: None | H76: Girl | I76: Yes | J76: Family member | K76: Attended | L76: 15â€“30 minutes late | M76: 4 | N76: Limited | O76: Unsure why women and girls were invited | P76: Low | Q76: Very uncomfortable | R76: Listened quietly | S76: No | T76: 3 | U76: Language barrier | V76: Local-language community meeting | W76: Maybe | X76: Local-language community meeting | Y76: No feedback recorded.
A77: AII-076 | B77: 16 | C77: 13â€“19 | D77: Female | E77: Adolescent participant | F77: Hausa | G77: Basic | H77: Girl | I77: Yes | J77: Friend/neighbour | K77: Attended | L77: On time | M77: 2 | N77: Limited | O77: Unclear; possibly external influence | P77: Very low | Q77: Very uncomfortable | R77: Listened quietly | S77: No | T77: 1 | U77: Need for clearer purpose explanation | V77: Local-language community meeting | W77: No | X77: Local-language community meeting | Y77: No feedback recorded.
A78: AII-077 | B78: 36 | C78: 30â€“39 | D78: Female | E78: Parent/guardian | F78: English | G78: Conversational | H78: Adult woman | I78: No | J78: Not applicable | K78: Did not attend | L78: Did not attend | M78: 0 | N78: Not assessed | O78: Not assessed | P78: Not assessed | Q78: Not assessed | R78: Not assessed | S78: No | T78: Not rated | U78: Did not hear about programme | V78: Women group meeting | W78: Maybe | X78: Women group meeting | Y78: Use community announcements and local networks earlier.
A79: AII-078 | B79: 65 | C79: 50+ | D79: Female | E79: Community member | F79: Gbagyi | G79: None | H79: Adult woman | I79: Yes | J79: Village/community leader | K79: Attended | L79: More than 30 minutes late | M79: 4 | N79: Partial | O79: Women health and education | P79: Moderate | Q79: Comfortable | R79: Contributed to discussion | S79: Yes | T79: 4 | U79: Need for elder engagement | V79: Local-language community meeting | W79: No | X79: Local-language community meeting | Y79: Meet village elders and gatekeepers before inviting participants.
A80: AII-079 | B80: 16 | C80: 13â€“19 | D80: Female | E80: Community member | F80: Adara | G80: Basic | H80: Girl | I80: Yes | J80: Teacher/school contact | K80: Attended | L80: On time | M80: 4 | N80: Clear | O80: Women health, education and support services | P80: High | Q80: Neutral | R80: Contributed to discussion | S80: Yes | T80: 4 | U80: No major concern | V80: Radio announcement | W80: Yes | X80: Radio announcement | Y80: The team was respectful; repeat the session with local support.
A81: AII-080 | B81: 16 | C81: 13â€“19 | D81: Female | E81: Adolescent participant | F81: Adara | G81: None | H81: Girl | I81: Yes | J81: Women group representative | K81: Attended | L81: On time | M81: 3 | N81: Limited | O81: Unclear; possibly external influence | P81: Low | Q81: Very uncomfortable | R81: Observed only | S81: Yes | T81: 1 | U81: Need for elder engagement | V81: Local-language community meeting | W81: Maybe | X81: Local-language community meeting | Y81: Meet village elders and gatekeepers before inviting participants.
A82: AII-081 | B82: 13 | C82: 13â€“19 | D82: Female | E82: Adolescent participant | F82: Adara | G82: None | H82: Girl | I82: Yes | J82: Friend/neighbour | K82: Attended | L82: On time | M82: 2 | N82: Limited | O82: Unsure why women and girls were invited | P82: Very low | Q82: Uncomfortable | R82: Observed only | S82: Yes | T82: 2 | U82: Language barrier | V82: Local-language community meeting | W82: No | X82: Local-language community meeting | Y82: Use an Adara/Hausa interpreter and explain each topic slowly.
A83: AII-082 | B83: 29 | C83: 20â€“29 | D83: Female | E83: Community member | F83: Adara | G83: None | H83: Young woman | I83: No | J83: Not applicable | K83: Did not attend | L83: Did not attend | M83: 0 | N83: Not assessed | O83: Not assessed | P83: Not assessed | Q83: Not assessed | R83: Not assessed | S83: No | T83: Not rated | U83: Did not hear about programme | V83: School-based session | W83: Maybe | X83: School-based session | Y83: Use community announcements and local networks earlier.
A84: AII-083 | B84: 35 | C84: 30â€“39 | D84: Female | E84: Teacher | F84: English | G84: Fluent | H84: Adult woman | I84: Yes | J84: Family member | K84: Attended | L84: 15â€“30 minutes late | M84: 5 | N84: Clear | O84: Women health, education and support services | P84: Low | Q84: Very uncomfortable | R84: Asked one question | S84: No | T84: 2 | U84: Need for elder engagement | V84: Women group meeting | W84: Yes | X84: Women group meeting | Y84: No feedback recorded.
A85: AII-084 | B85: 38 | C85: 30â€“39 | D85: Female | E85: Teacher | F85: Adara | G85: Conversational | H85: Adult woman | I85: Yes | J85: Family member | K85: Attended | L85: 15â€“30 minutes late | M85: 2 | N85: Clear | O85: Women health, education and support services | P85: Low | Q85: Neutral | R85: Observed only | S85: Yes | T85: 2 | U85: Limited time for questions | V85: School-based session | W85: Yes | X85: School-based session | Y85: Allow more time for questions and small-group discussion.
A86: AII-085 | B86: 29 | C86: 20â€“29 | D86: Female | E86: Community member | F86: Fulfulde | G86: None | H86: Young woman | I86: Yes | J86: Women group representative | K86: Attended | L86: On time | M86: 5 | N86: Partial | O86: Women health and education | P86: High | Q86: Comfortable | R86: Contributed to discussion | S86: Yes | T86: 5 | U86: Need for elder engagement | V86: Women group meeting | W86: Maybe | X86: Women group meeting | Y86: Meet village elders and gatekeepers before inviting participants.
A87: AII-086 | B87: 35 | C87: 30â€“39 | D87: Female | E87: Village/community leader | F87: Hausa | G87: Basic | H87: Community stakeholder | I87: Yes | J87: Field team invitation | K87: Attended | L87: On time | M87: 2 | N87: Partial | O87: Unclear; possibly external influence | P87: Very low | Q87: Very uncomfortable | R87: Observed only | S87: Yes | T87: 1 | U87: Need for elder engagement | V87: School-based session | W87: No | X87: School-based session | Y87: Meet village elders and gatekeepers before inviting participants.
A88: AII-087 | B88: 39 | C88: 30â€“39 | D88: Female | E88: Parent/guardian | F88: Hausa | G88: None | H88: Adult woman | I88: Yes | J88: Family member | K88: Attended | L88: On time | M88: 3 | N88: Partial | O88: Women health and education | P88: Very low | Q88: Very uncomfortable | R88: Listened quietly | S88: Yes | T88: 1 | U88: Need for clearer purpose explanation | V88: Local-language community meeting | W88: No | X88: Local-language community meeting | Y88: State clearly that the outreach is for health, education and referral information.
A89: AII-088 | B89: 33 | C89: 30â€“39 | D89: Female | E89: Parent/guardian | F89: Hausa | G89: None | H89: Adult woman | I89: Yes | J89: Friend/neighbour | K89: Attended | L89: On time | M89: 4 | N89: Partial | O89: Unclear; possibly external influence | P89: Moderate | Q89: Neutral | R89: Contributed to discussion | S89: Yes | T89: 3 | U89: Limited time for questions | V89: School-based session | W89: Maybe | X89: School-based session | Y89: Allow more time for questions and small-group discussion.
A90: AII-089 | B90: 16 | C90: 13â€“19 | D90: Female | E90: Adolescent participant | F90: Adara | G90: None | H90: Girl | I90: Yes | J90: Family member | K90: Attended | L90: 15â€“30 minutes late | M90: 3 | N90: Limited | O90: Unclear; possibly external influence | P90: Very low | Q90: Uncomfortable | R90: Listened quietly | S90: No | T90: 2 | U90: Need for clearer purpose explanation | V90: Women group meeting | W90: No | X90: Women group meeting | Y90: No feedback recorded.
A91: AII-090 | B91: 62 | C91: 50+ | D91: Female | E91: Community member | F91: Adara | G91: None | H91: Adult woman | I91: Yes | J91: Friend/neighbour | K91: Attended | L91: 15â€“30 minutes late | M91: 2 | N91: Limited | O91: Unclear; possibly external influence | P91: Very low | Q91: Very uncomfortable | R91: Observed only | S91: No | T91: 1 | U91: Language barrier | V91: Radio announcement | W91: No | X91: Radio announcement | Y91: No feedback recorded.
A92: AII-091 | B92: 28 | C92: 20â€“29 | D92: Female | E92: Parent/guardian | F92: Hausa | G92: None | H92: Young woman | I92: Yes | J92: Friend/neighbour | K92: Attended | L92: More than 30 minutes late | M92: 1 | N92: Limited | O92: Unsure why women and girls were invited | P92: Very low | Q92: Very uncomfortable | R92: Observed only | S92: No | T92: 1 | U92: Limited time for questions | V92: Local-language community meeting | W92: No | X92: Local-language community meeting | Y92: No feedback recorded.
A93: AII-092 | B93: 16 | C93: 13â€“19 | D93: Female | E93: Community member | F93: Adara | G93: Basic | H93: Girl | I93: Yes | J93: Field team invitation | K93: Attended | L93: 15â€“30 minutes late | M93: 3 | N93: Limited | O93: Unsure why women and girls were invited | P93: Very low | Q93: Very uncomfortable | R93: Observed only | S93: No | T93: 2 | U93: Language barrier | V93: Women group meeting | W93: No | X93: Women group meeting | Y93: No feedback recorded.
A94: AII-093 | B94: 37 | C94: 30â€“39 | D94: Female | E94: Teacher | F94: Hausa | G94: Fluent | H94: Adult woman | I94: Yes | J94: Friend/neighbour | K94: Attended | L94: On time | M94: 3 | N94: Clear | O94: Women health, education and support services | P94: Moderate | Q94: Neutral | R94: Contributed to discussion | S94: Yes | T94: 2 | U94: Need for elder engagement | V94: Radio announcement | W94: Maybe | X94: Radio announcement | Y94: Meet village elders and gatekeepers before inviting participants.
A95: AII-094 | B95: 15 | C95: 13â€“19 | D95: Female | E95: Community member | F95: Adara | G95: None | H95: Girl | I95: Yes | J95: Family member | K95: Attended | L95: More than 30 minutes late | M95: 2 | N95: Limited | O95: Health talk only | P95: Very low | Q95: Uncomfortable | R95: Observed only | S95: Yes | T95: 1 | U95: Need for clearer purpose explanation | V95: Women group meeting | W95: No | X95: Women group meeting | Y95: State clearly that the outreach is for health, education and referral information.
A96: AII-095 | B96: 44 | C96: 40â€“49 | D96: Female | E96: Community member | F96: Fulfulde | G96: Basic | H96: Adult woman | I96: Yes | J96: Family member | K96: Attended | L96: More than 30 minutes late | M96: 2 | N96: Partial | O96: Unclear; possibly external influence | P96: Very low | Q96: Very uncomfortable | R96: Observed only | S96: No | T96: 2 | U96: Language barrier | V96: Women group meeting | W96: No | X96: Women group meeting | Y96: No feedback recorded.
A97: AII-096 | B97: 44 | C97: 40â€“49 | D97: Female | E97: Village/community leader | F97: English | G97: Fluent | H97: Adult woman | I97: Yes | J97: Friend/neighbour | K97: Did not attend | L97: Did not attend | M97: 0 | N97: Not assessed | O97: Not assessed | P97: Not assessed | Q97: Not assessed | R97: Not assessed | S97: No | T97: Not rated | U97: Language barrier | V97: Women group meeting | W97: Yes | X97: Women group meeting | Y97: Use a trusted local-language interpreter.
A98: AII-097 | B98: 50 | C98: 50+ | D98: Female | E98: Community member | F98: Hausa | G98: Fluent | H98: Adult woman | I98: Yes | J98: Family member | K98: Did not attend | L98: Did not attend | M98: 0 | N98: Not assessed | O98: Not assessed | P98: Not assessed | Q98: Not assessed | R98: Not assessed | S98: No | T98: Not rated | U98: Household/time constraints | V98: Women group meeting | W98: Yes | X98: Women group meeting | Y98: Choose a time that does not conflict with household responsibilities.
A99: AII-098 | B99: 62 | C99: 50+ | D99: Female | E99: Community member | F99: Adara | G99: Conversational | H99: Adult woman | I99: No | J99: Not applicable | K99: Did not attend | L99: Did not attend | M99: 0 | N99: Not assessed | O99: Not assessed | P99: Not assessed | Q99: Not assessed | R99: Not assessed | S99: No | T99: Not rated | U99: Did not hear about programme | V99: Local-language community meeting | W99: Maybe | X99: Local-language community meeting | Y99: Use community announcements and local networks earlier.
A100: AII-099 | B100: 19 | C100: 13â€“19 | D100: Female | E100: Community member | F100: Adara | G100: None | H100: Young woman | I100: Yes | J100: Field team invitation | K100: Did not attend | L100: Did not attend | M100: 0 | N100: Not assessed | O100: Not assessed | P100: Not assessed | Q100: Not assessed | R100: Not assessed | S100: No | T100: Not rated | U100: Insufficient prior information | V100: Local-language community meeting | W100: Yes | X100: Local-language community meeting | Y100: Share information through elders and women leaders before the event.
...

Sheet Clean Data
A1: Participant_ID | B1: Age | C1: Age_Group | D1: Gender | E1: Community_Role | F1: Language_Spoken | G1: English_Proficiency | H1: Participant_Type | I1: Heard_About_Outreach | J1: Information_Source | K1: Attendance_Status | L1: Arrival_Time | M1: Sessions_Attended | N1: Programme_Understanding | O1: Perceived_Purpose | P1: Trust_Level | Q1: Comfort_Level | R1: Participation_Level | S1: Feedback_Provided | T1: Satisfaction_Score | U1: Main_Concern | V1: Preferred_Communication_Method | W1: Would_Attend_Follow_Up | X1: Follow_Up_Preference | Y1: Key_Feedback
A2: AII-001 | B2: 15 | C2: 13 - 19 | D2: Female | E2: Community member | F2: Adara | G2: Basic | H2: Girl | I2: Yes | J2: Village/community leader | K2: Attended | L2: More than 30 minutes late | M2: 3 | N2: Clear | O2: Women health, education and support services | P2: Very high | Q2: Very comfortable | R2: Contributed to discussion | S2: Yes | T2: 5 | U2: Need for elder engagement | V2: Local-language community meeting | W2: Yes | X2: Local-language community meeting | Y2: Meet village elders and gatekeepers before inviting participants.
A3: AII-002 | B3: 40 | C3: 40 - 49 | D3: Female | E3: Village/community leader | F3: English | G3: Conversational | H3: Adult woman | I3: Yes | J3: Family member | K3: Attended | L3: On time | M3: 4 | N3: Clear | O3: Women health, education and support services | P3: Low | Q3: Neutral | R3: Asked one question | S3: Yes | T3: 2 | U3: Need for elder engagement | V3: Local-language community meeting | W3: Yes | X3: Local-language community meeting | Y3: Meet village elders and gatekeepers before inviting participants.
A4: AII-003 | B4: 16 | C4: 13 - 19 | D4: Female | E4: Adolescent participant | F4: Gbagyi | G4: Conversational | H4: Girl | I4: Yes | J4: Teacher/school contact | K4: Attended | L4: On time | M4: 4 | N4: Clear | O4: Women health, education and support services | P4: High | Q4: Comfortable | R4: Contributed to discussion | S4: Yes | T4: 4 | U4: Need for clearer purpose explanation | V4: Local-language community meeting | W4: Yes | X4: Local-language community meeting | Y4: State clearly that the outreach is for health, education and referral information.
A5: AII-004 | B5: 51 | C5: 50+ | D5: Female | E5: Community member | F5: Adara | G5: Conversational | H5: Adult woman | I5: Yes | J5: Teacher/school contact | K5: Attended | L5: On time | M5: 5 | N5: Clear | O5: Women health, education and support services | P5: Moderate | Q5: Uncomfortable | R5: Asked one question | S5: Yes | T5: 3 | U5: Need for clearer purpose explanation | V5: Local-language community meeting | W5: Yes | X5: Local-language community meeting | Y5: State clearly that the outreach is for health, education and referral information.
A6: AII-005 | B6: 35 | C6: 30 - 39 | D6: Female | E6: Village/community leader | F6: Hausa | G6: Conversational | H6: Adult woman | I6: Yes | J6: Religious/community announcement | K6: Attended | L6: On time | M6: 4 | N6: Clear | O6: Women health, education and support services | P6: Very high | Q6: Very comfortable | R6: Actively engaged | S6: Yes | T6: 5 | U6: Need for elder engagement | V6: Local-language community meeting | W6: Yes | X6: Local-language community meeting | Y6: Meet village elders and gatekeepers before inviting participants.
A7: AII-006 | B7: 44 | C7: 40 - 49 | D7: Female | E7: Community member | F7: English | G7: Fluent | H7: Adult woman | I7: Yes | J7: Women group representative | K7: Attended | L7: On time | M7: 3 | N7: Clear | O7: Women health, education and support services | P7: Moderate | Q7: Neutral | R7: Asked one question | S7: No | T7: 3 | U7: Need for clearer purpose explanation | V7: Local-language community meeting | W7: Maybe | X7: Local-language community meeting | Y7: No feedback recorded.
A8: AII-007 | B8: 48 | C8: 40 - 49 | D8: Female | E8: Parent/guardian | F8: Adara | G8: Basic | H8: Adult woman | I8: Yes | J8: Field team invitation | K8: Did not attend | L8: Did not attend | M8: 0 | N8: Not assessed | O8: Not assessed | P8: Not assessed | Q8: Not assessed | R8: Not assessed | S8: No | T8: Not rated | U8: Concern about programme purpose | V8: Women group meeting | W8: Yes | X8: Women group meeting | Y8: Explain the purpose clearly to community leaders first.
A9: AII-008 | B9: 41 | C9: 40 - 49 | D9: Female | E9: Community member | F9: Hausa | G9: None | H9: Adult woman | I9: Yes | J9: Village/community leader | K9: Attended | L9: On time | M9: 4 | N9: Partial | O9: Unclear; possibly external influence | P9: Moderate | Q9: Neutral | R9: Asked one question | S9: No | T9: 3 | U9: Language barrier | V9: Women group meeting | W9: No | X9: Women group meeting | Y9: No feedback recorded.
A10: AII-009 | B10: 37 | C10: 30 - 39 | D10: Female | E10: Community member | F10: Adara | G10: None | H10: Adult woman | I10: Yes | J10: Friend/neighbour | K10: Attended | L10: On time | M10: 4 | N10: Limited | O10: Unclear; possibly external influence | P10: Low | Q10: Very uncomfortable | R10: Asked one question | S10: No | T10: 1 | U10: Language barrier | V10: Women group meeting | W10: Maybe | X10: Women group meeting | Y10: No feedback recorded.
A11: AII-010 | B11: 31 | C11: 30 - 39 | D11: Female | E11: Parent/guardian | F11: Hausa | G11: Basic | H11: Adult woman | I11: No | J11: Not applicable | K11: Did not attend | L11: Did not attend | M11: 0 | N11: Not assessed | O11: Not assessed | P11: Not assessed | Q11: Not assessed | R11: Not assessed | S11: No | T11: Not rated | U11: Did not hear about programme | V11: School-based session | W11: No | X11: School-based session | Y11: Use community announcements and local networks earlier.
A12: AII-011 | B12: 13 | C12: 13 - 19 | D12: Female | E12: Adolescent participant | F12: Hausa | G12: Conversational | H12: Girl | I12: Yes | J12: Family member | K12: Attended | L12: More than 30 minutes late | M12: 2 | N12: Clear | O12: Women health, education and support services | P12: Low | Q12: Neutral | R12: Observed only | S12: No | T12: 2 | U12: Need for elder engagement | V12: School-based session | W12: Maybe | X12: School-based session | Y12: No feedback recorded.
A13: AII-012 | B13: 45 | C13: 40 - 49 | D13: Female | E13: Community member | F13: Adara | G13: None | H13: Adult woman | I13: Yes | J13: Teacher/school contact | K13: Attended | L13: 15 - 30 minutes late | M13: 5 | N13: Partial | O13: Women health and education | P13: Moderate | Q13: Comfortable | R13: Contributed to discussion | S13: No | T13: 5 | U13: Language barrier | V13: School-based session | W13: Maybe | X13: School-based session | Y13: No feedback recorded.
A14: AII-013 | B14: 21 | C14: 20 - 29 | D14: Female | E14: Community member | F14: English | G14: Fluent | H14: Young woman | I14: Yes | J14: Friend/neighbour | K14: Attended | L14: 15 - 30 minutes late | M14: 4 | N14: Clear | O14: Women health, education and support services | P14: High | Q14: Comfortable | R14: Asked one question | S14: Yes | T14: 4 | U14: Language barrier | V14: School-based session | W14: Yes | X14: School-based session | Y14: Use an Adara/Hausa interpreter and explain each topic slowly.
A15: AII-014 | B15: 19 | C15: 13 - 19 | D15: Female | E15: Community member | F15: Adara | G15: None | H15: Young woman | I15: Yes | J15: Village/community leader | K15: Did not attend | L15: Did not attend | M15: 0 | N15: Not assessed | O15: Not assessed | P15: Not assessed | Q15: Not assessed | R15: Not assessed | S15: No | T15: Not rated | U15: Household/time constraints | V15: Local-language community meeting | W15: Yes | X15: Local-language community meeting | Y15: Choose a time that does not conflict with household responsibilities.
A16: AII-015 | B16: 24 | C16: 20 - 29 | D16: Female | E16: Parent/guardian | F16: English | G16: Fluent | H16: Young woman | I16: Yes | J16: Village/community leader | K16: Attended | L16: On time | M16: 5 | N16: Clear | O16: Women health, education and support services | P16: Very high | Q16: Comfortable | R16: Asked one question | S16: Yes | T16: 5 | U16: Need for clearer purpose explanation | V16: School-based session | W16: Yes | X16: School-based session | Y16: State clearly that the outreach is for health, education and referral information.
A17: AII-016 | B17: 37 | C17: 30 - 39 | D17: Female | E17: Parent/guardian | F17: Adara | G17: None | H17: Adult woman | I17: Yes | J17: Family member | K17: Did not attend | L17: Did not attend | M17: 0 | N17: Not assessed | O17: Not assessed | P17: Not assessed | Q17: Not assessed | R17: Not assessed | S17: No | T17: Not rated | U17: Concern about programme purpose | V17: Home/compound visit | W17: Yes | X17: Home/compound visit | Y17: Explain the purpose clearly to community leaders first.
A18: AII-017 | B18: 53 | C18: 50+ | D18: Female | E18: Parent/guardian | F18: English | G18: Conversational | H18: Adult woman | I18: Yes | J18: Teacher/school contact | K18: Attended | L18: On time | M18: 4 | N18: Clear | O18: Women health, education and support services | P18: Moderate | Q18: Neutral | R18: Listened quietly | S18: No | T18: 3 | U18: Language barrier | V18: School-based session | W18: Yes | X18: School-based session | Y18: No feedback recorded.
A19: AII-018 | B19: 36 | C19: 30 - 39 | D19: Female | E19: Teacher | F19: Gbagyi | G19: Basic | H19: Community stakeholder | I19: Yes | J19: Field team invitation | K19: Did not attend | L19: Did not attend | M19: 0 | N19: Not assessed | O19: Not assessed | P19: Not assessed | Q19: Not assessed | R19: Not assessed | S19: No | T19: Not rated | U19: Concern about programme purpose | V19: School-based session | W19: Yes | X19: School-based session | Y19: Explain the purpose clearly to community leaders first.
A20: AII-019 | B20: 31 | C20: 30 - 39 | D20: Female | E20: Teacher | F20: English | G20: Fluent | H20: Adult woman | I20: Yes | J20: Field team invitation | K20: Attended | L20: 15 - 30 minutes late | M20: 3 | N20: Clear | O20: Women health, education and support services | P20: Moderate | Q20: Uncomfortable | R20: Listened quietly | S20: Yes | T20: 2 | U20: No major concern | V20: School-based session | W20: Yes | X20: School-based session | Y20: The team was respectful; repeat the session with local support.
A21: AII-020 | B21: 30 | C21: 30 - 39 | D21: Female | E21: Teacher | F21: Adara | G21: Conversational | H21: Adult woman | I21: Yes | J21: Friend/neighbour | K21: Did not attend | L21: Did not attend | M21: 0 | N21: Not assessed | O21: Not assessed | P21: Not assessed | Q21: Not assessed | R21: Not assessed | S21: No | T21: Not rated | U21: Language barrier | V21: Home/compound visit | W21: No | X21: Home/compound visit | Y21: Use a trusted local-language interpreter.
A22: AII-021 | B22: 13 | C22: 13 - 19 | D22: Female | E22: Community member | F22: Adara | G22: None | H22: Girl | I22: Yes | J22: Friend/neighbour | K22: Attended | L22: 15 - 30 minutes late | M22: 3 | N22: Limited | O22: Health talk only | P22: Very low | Q22: Uncomfortable | R22: Listened quietly | S22: Yes | T22: 2 | U22: No major concern | V22: Women group meeting | W22: Maybe | X22: Women group meeting | Y22: The team was respectful; repeat the session with local support.
A23: AII-022 | B23: 19 | C23: 13 - 19 | D23: Female | E23: Adolescent participant | F23: Adara | G23: Basic | H23: Young woman | I23: No | J23: Not applicable | K23: Did not attend | L23: Did not attend | M23: 0 | N23: Not assessed | O23: Not assessed | P23: Not assessed | Q23: Not assessed | R23: Not assessed | S23: No | T23: Not rated | U23: Did not hear about programme | V23: Women group meeting | W23: Maybe | X23: Women group meeting | Y23: Use community announcements and local networks earlier.
A24: AII-023 | B24: 56 | C24: 50+ | D24: Female | E24: Community member | F24: English | G24: Basic | H24: Adult woman | I24: Yes | J24: Teacher/school contact | K24: Attended | L24: 15 - 30 minutes late | M24: 5 | N24: Partial | O24: Women health and education | P24: Moderate | Q24: Neutral | R24: Contributed to discussion | S24: Yes | T24: 4 | U24: Need for elder engagement | V24: Local-language community meeting | W24: No | X24: Local-language community meeting | Y24: Meet village elders and gatekeepers before inviting participants.
A25: AII-024 | B25: 41 | C25: 40 - 49 | D25: Female | E25: Community member | F25: English | G25: Basic | H25: Adult woman | I25: Yes | J25: Teacher/school contact | K25: Did not attend | L25: Did not attend | M25: 0 | N25: Not assessed | O25: Not assessed | P25: Not assessed | Q25: Not assessed | R25: Not assessed | S25: No | T25: Not rated | U25: Language barrier | V25: School-based session | W25: Maybe | X25: School-based session | Y25: Use a trusted local-language interpreter.
A26: AII-025 | B26: 28 | C26: 20 - 29 | D26: Female | E26: Community member | F26: Adara | G26: None | H26: Young woman | I26: Yes | J26: Women group representative | K26: Did not attend | L26: Did not attend | M26: 0 | N26: Not assessed | O26: Not assessed | P26: Not assessed | Q26: Not assessed | R26: Not assessed | S26: No | T26: Not rated | U26: Household/time constraints | V26: Radio announcement | W26: Yes | X26: Radio announcement | Y26: Choose a time that does not conflict with household responsibilities.
A27: AII-026 | B27: 18 | C27: 13 - 19 | D27: Female | E27: Adolescent participant | F27: Adara | G27: None | H27: Young woman | I27: Yes | J27: Village/community leader | K27: Did not attend | L27: Did not attend | M27: 0 | N27: Not assessed | O27: Not assessed | P27: Not assessed | Q27: Not assessed | R27: Not assessed | S27: No | T27: Not rated | U27: Concern about programme purpose | V27: Women group meeting | W27: Maybe | X27: Women group meeting | Y27: Explain the purpose clearly to community leaders first.
A28: AII-027 | B28: 14 | C28: 13 - 19 | D28: Female | E28: Community member | F28: Adara | G28: None | H28: Girl | I28: Yes | J28: Field team invitation | K28: Attended | L28: On time | M28: 1 | N28: Limited | O28: Unclear; possibly external influence | P28: Very low | Q28: Very uncomfortable | R28: Observed only | S28: Yes | T28: 1 | U28: Household/time constraints | V28: Women group meeting | W28: No | X28: Women group meeting | Y28: Hold the next meeting after household chores and give advance notice.
A29: AII-028 | B29: 29 | C29: 20 - 29 | D29: Female | E29: Community member | F29: Adara | G29: Basic | H29: Young woman | I29: Yes | J29: Friend/neighbour | K29: Attended | L29: On time | M29: 2 | N29: Partial | O29: Women health and education | P29: Low | Q29: Very uncomfortable | R29: Observed only | S29: Yes | T29: 1 | U29: No major concern | V29: Women group meeting | W29: No | X29: Women group meeting | Y29: The team was respectful; repeat the session with local support.
A30: AII-029 | B30: 15 | C30: 13 - 19 | D30: Female | E30: Adolescent participant | F30: Adara | G30: Conversational | H30: Girl | I30: Yes | J30: Village/community leader | K30: Attended | L30: 15 - 30 minutes late | M30: 5 | N30: Clear | O30: Women health, education and support services | P30: High | Q30: Comfortable | R30: Asked one question | S30: Yes | T30: 4 | U30: Need for clearer purpose explanation | V30: Women group meeting | W30: Yes | X30: Women group meeting | Y30: State clearly that the outreach is for health, education and referral information.
A31: AII-030 | B31: 15 | C31: 13 - 19 | D31: Female | E31: Adolescent participant | F31: Adara | G31: None | H31: Girl | I31: Yes | J31: Family member | K31: Attended | L31: 15 - 30 minutes late | M31: 2 | N31: Partial | O31: Unclear; possibly external influence | P31: Low | Q31: Neutral | R31: Listened quietly | S31: Yes | T31: 2 | U31: Need for clearer purpose explanation | V31: Women group meeting | W31: Maybe | X31: Women group meeting | Y31: State clearly that the outreach is for health, education and referral information.
A32: AII-031 | B32: 36 | C32: 30 - 39 | D32: Female | E32: Community member | F32: Adara | G32: None | H32: Adult woman | I32: Yes | J32: Friend/neighbour | K32: Did not attend | L32: Did not attend | M32: 0 | N32: Not assessed | O32: Not assessed | P32: Not assessed | Q32: Not assessed | R32: Not assessed | S32: No | T32: Not rated | U32: Concern about programme purpose | V32: Home/compound visit | W32: Yes | X32: Home/compound visit | Y32: Explain the purpose clearly to community leaders first.
A33: AII-032 | B33: 14 | C33: 13 - 19 | D33: Female | E33: Community member | F33: Adara | G33: None | H33: Girl | I33: Yes | J33: Friend/neighbour | K33: Attended | L33: On time | M33: 3 | N33: Limited | O33: Unclear; possibly external influence | P33: Very low | Q33: Very uncomfortable | R33: Listened quietly | S33: Yes | T33: 2 | U33: Need for elder engagement | V33: Local-language community meeting | W33: No | X33: Local-language community meeting | Y33: Meet village elders and gatekeepers before inviting participants.
A34: AII-033 | B34: 14 | C34: 13 - 19 | D34: Female | E34: Adolescent participant | F34: Hausa | G34: None | H34: Girl | I34: Yes | J34: Religious/community announcement | K34: Attended | L34: On time | M34: 2 | N34: Limited | O34: Unsure why women and girls were invited | P34: Very low | Q34: Very uncomfortable | R34: Observed only | S34: Yes | T34: 2 | U34: Need for clearer purpose explanation | V34: School-based session | W34: No | X34: School-based session | Y34: State clearly that the outreach is for health, education and referral information.
A35: AII-034 | B35: 46 | C35: 40 - 49 | D35: Female | E35: Parent/guardian | F35: Gbagyi | G35: None | H35: Adult woman | I35: Yes | J35: Women group representative | K35: Attended | L35: 15 - 30 minutes late | M35: 4 | N35: Partial | O35: Unclear; possibly external influence | P35: Moderate | Q35: Neutral | R35: Contributed to discussion | S35: No | T35: 3 | U35: Need for clearer purpose explanation | V35: Women group meeting | W35: No | X35: Women group meeting | Y35: No feedback recorded.
A36: AII-035 | B36: 39 | C36: 30 - 39 | D36: Female | E36: Community member | F36: Adara | G36: Basic | H36: Adult woman | I36: Yes | J36: Women group representative | K36: Attended | L36: 15 - 30 minutes late | M36: 2 | N36: Partial | O36: Women health and education | P36: Moderate | Q36: Neutral | R36: Listened quietly | S36: Yes | T36: 3 | U36: Household/time constraints | V36: Women group meeting | W36: No | X36: Women group meeting | Y36: Hold the next meeting after household chores and give advance notice.
A37: AII-036 | B37: 41 | C37: 40 - 49 | D37: Female | E37: Teacher | F37: Gbagyi | G37: Basic | H37: Adult woman | I37: No | J37: Not applicable | K37: Did not attend | L37: Did not attend | M37: 0 | N37: Not assessed | O37: Not assessed | P37: Not assessed | Q37: Not assessed | R37: Not assessed | S37: No | T37: Not rated | U37: Did not hear about programme | V37: School-based session | W37: No | X37: School-based session | Y37: Use community announcements and local networks earlier.
A38: AII-037 | B38: 61 | C38: 50+ | D38: Female | E38: Village/community leader | F38: Hausa | G38: Basic | H38: Adult woman | I38: Yes | J38: Religious/community announcement | K38: Did not attend | L38: Did not attend | M38: 0 | N38: Not assessed | O38: Not assessed | P38: Not assessed | Q38: Not assessed | R38: Not assessed | S38: No | T38: Not rated | U38: Insufficient prior information | V38: Women group meeting | W38: Maybe | X38: Women group meeting | Y38: Share information through elders and women leaders before the event.
A39: AII-038 | B39: 20 | C39: 20 - 29 | D39: Female | E39: Community member | F39: Adara | G39: Basic | H39: Young woman | I39: Yes | J39: Friend/neighbour | K39: Attended | L39: 15 - 30 minutes late | M39: 2 | N39: Partial | O39: Unclear; possibly external influence | P39: Low | Q39: Uncomfortable | R39: Observed only | S39: No | T39: 3 | U39: Language barrier | V39: Women group meeting | W39: No | X39: Women group meeting | Y39: No feedback recorded.
A40: AII-039 | B40: 15 | C40: 13 - 19 | D40: Female | E40: Adolescent participant | F40: Adara | G40: None | H40: Girl | I40: Yes | J40: Family member | K40: Attended | L40: On time | M40: 3 | N40: Limited | O40: Health talk only | P40: Very low | Q40: Very uncomfortable | R40: Listened quietly | S40: Yes | T40: 2 | U40: No major concern | V40: School-based session | W40: No | X40: School-based session | Y40: The team was respectful; repeat the session with local support.
A41: AII-040 | B41: 16 | C41: 13 - 19 | D41: Female | E41: Community member | F41: Hausa | G41: Conversational | H41: Girl | I41: No | J41: Not applicable | K41: Did not attend | L41: Did not attend | M41: 0 | N41: Not assessed | O41: Not assessed | P41: Not assessed | Q41: Not assessed | R41: Not assessed | S41: No | T41: Not rated | U41: Did not hear about programme | V41: Radio announcement | W41: Yes | X41: Radio announcement | Y41: Use community announcements and local networks earlier.
A42: AII-041 | B42: 60 | C42: 50+ | D42: Female | E42: Village/community leader | F42: Adara | G42: Conversational | H42: Adult woman | I42: Yes | J42: Family member | K42: Attended | L42: 15 - 30 minutes late | M42: 4 | N42: Partial | O42: Women health and education | P42: Very low | Q42: Uncomfortable | R42: Asked one question | S42: Yes | T42: 2 | U42: Need for elder engagement | V42: Local-language community meeting | W42: No | X42: Local-language community meeting | Y42: Meet village elders and gatekeepers before inviting participants.
A43: AII-042 | B43: 17 | C43: 13 - 19 | D43: Female | E43: Adolescent participant | F43: Adara | G43: Conversational | H43: Girl | I43: Yes | J43: Village/community leader | K43: Attended | L43: On time | M43: 3 | N43: Clear | O43: Women health, education and support services | P43: High | Q43: Comfortable | R43: Contributed to discussion | S43: Yes | T43: 3 | U43: Need for clearer purpose explanation | V43: Home/compound visit | W43: Yes | X43: Home/compound visit | Y43: State clearly that the outreach is for health, education and referral information.
A44: AII-043 | B44: 44 | C44: 40 - 49 | D44: Female | E44: Village/community leader | F44: Gbagyi | G44: Conversational | H44: Community stakeholder | I44: Yes | J44: Field team invitation | K44: Attended | L44: 15 - 30 minutes late | M44: 2 | N44: Partial | O44: Women health and education | P44: Very low | Q44: Very uncomfortable | R44: Observed only | S44: Yes | T44: 1 | U44: Language barrier | V44: Women group meeting | W44: No | X44: Women group meeting | Y44: Use an Adara/Hausa interpreter and explain each topic slowly.
A45: AII-044 | B45: 57 | C45: 50+ | D45: Female | E45: Parent/guardian | F45: Hausa | G45: Basic | H45: Adult woman | I45: Yes | J45: Field team invitation | K45: Did not attend | L45: Did not attend | M45: 0 | N45: Not assessed | O45: Not assessed | P45: Not assessed | Q45: Not assessed | R45: Not assessed | S45: No | T45: Not rated | U45: Household/time constraints | V45: Women group meeting | W45: Maybe | X45: Women group meeting | Y45: Choose a time that does not conflict with household responsibilities.
A46: AII-045 | B46: 18 | C46: 13 - 19 | D46: Female | E46: Adolescent participant | F46: Hausa | G46: Fluent | H46: Young woman | I46: Yes | J46: Field team invitation | K46: Attended | L46: On time | M46: 3 | N46: Partial | O46: Unclear; possibly external influence | P46: Low | Q46: Uncomfortable | R46: Listened quietly | S46: No | T46: 2 | U46: Need for clearer purpose explanation | V46: Local-language community meeting | W46: No | X46: Local-language community meeting | Y46: No feedback recorded.
A47: AII-046 | B47: 42 | C47: 40 - 49 | D47: Female | E47: Parent/guardian | F47: Adara | G47: None | H47: Adult woman | I47: Yes | J47: Friend/neighbour | K47: Did not attend | L47: Did not attend | M47: 0 | N47: Not assessed | O47: Not assessed | P47: Not assessed | Q47: Not assessed | R47: Not assessed | S47: No | T47: Not rated | U47: Concern about programme purpose | V47: Local-language community meeting | W47: Maybe | X47: Local-language community meeting | Y47: Explain the purpose clearly to community leaders first.
A48: AII-047 | B48: 13 | C48: 13 - 19 | D48: Female | E48: Community member | F48: English | G48: Fluent | H48: Girl | I48: No | J48: Not applicable | K48: Did not attend | L48: Did not attend | M48: 0 | N48: Not assessed | O48: Not assessed | P48: Not assessed | Q48: Not assessed | R48: Not assessed | S48: No | T48: Not rated | U48: Did not hear about programme | V48: Women group meeting | W48: No | X48: Women group meeting | Y48: Use community announcements and local networks earlier.
A49: AII-048 | B49: 14 | C49: 13 - 19 | D49: Female | E49: Adolescent participant | F49: Adara | G49: Basic | H49: Girl | I49: Yes | J49: Women group representative | K49: Did not attend | L49: Did not attend | M49: 0 | N49: Not assessed | O49: Not assessed | P49: Not assessed | Q49: Not assessed | R49: Not assessed | S49: No | T49: Not rated | U49: Insufficient prior information | V49: Local-language community meeting | W49: No | X49: Local-language community meeting | Y49: Share information through elders and women leaders before the event.
A50: AII-049 | B50: 24 | C50: 20 - 29 | D50: Female | E50: Community member | F50: English | G50: Conversational | H50: Young woman | I50: No | J50: Not applicable | K50: Did not attend | L50: Did not attend | M50: 0 | N50: Not assessed | O50: Not assessed | P50: Not assessed | Q50: Not assessed | R50: Not assessed | S50: No | T50: Not rated | U50: Did not hear about programme | V50: Women group meeting | W50: No | X50: Women group meeting | Y50: Use community announcements and local networks earlier.
A51: AII-050 | B51: 41 | C51: 40 - 49 | D51: Female | E51: Community member | F51: Hausa | G51: None | H51: Adult woman | I51: Yes | J51: Family member | K51: Attended | L51: On time | M51: 1 | N51: Partial | O51: Women health and education | P51: Low | Q51: Uncomfortable | R51: Observed only | S51: No | T51: 1 | U51: No major concern | V51: Women group meeting | W51: Yes | X51: Women group meeting | Y51: No feedback recorded.
A52: AII-051 | B52: 13 | C52: 13 - 19 | D52: Female | E52: Adolescent participant | F52: Adara | G52: Basic | H52: Girl | I52: Yes | J52: Family member | K52: Attended | L52: On time | M52: 1 | N52: Partial | O52: Women health and education | P52: Low | Q52: Neutral | R52: Observed only | S52: Yes | T52: 2 | U52: Language barrier | V52: Women group meeting | W52: No | X52: Women group meeting | Y52: Use an Adara/Hausa interpreter and explain each topic slowly.
A53: AII-052 | B53: 20 | C53: 20 - 29 | D53: Female | E53: Community member | F53: Hausa | G53: Conversational | H53: Young woman | I53: Yes | J53: Field team invitation | K53: Attended | L53: On time | M53: 3 | N53: Partial | O53: Unclear; possibly external influence | P53: Moderate | Q53: Neutral | R53: Contributed to discussion | S53: No | T53: 4 | U53: Need for clearer purpose explanation | V53: Radio announcement | W53: No | X53: Radio announcement | Y53: No feedback recorded.
A54: AII-053 | B54: 32 | C54: 30 - 39 | D54: Female | E54: Community member | F54: English | G54: Conversational | H54: Adult woman | I54: No | J54: Not applicable | K54: Did not attend | L54: Did not attend | M54: 0 | N54: Not assessed | O54: Not assessed | P54: Not assessed | Q54: Not assessed | R54: Not assessed | S54: No | T54: Not rated | U54: Did not hear about programme | V54: Women group meeting | W54: Maybe | X54: Women group meeting | Y54: Use community announcements and local networks earlier.
A55: AII-054 | B55: 35 | C55: 30 - 39 | D55: Female | E55: Community member | F55: Hausa | G55: None | H55: Adult woman | I55: Yes | J55: Friend/neighbour | K55: Did not attend | L55: Did not attend | M55: 0 | N55: Not assessed | O55: Not assessed | P55: Not assessed | Q55: Not assessed | R55: Not assessed | S55: No | T55: Not rated | U55: Household/time constraints | V55: Women group meeting | W55: Yes | X55: Women group meeting | Y55: Choose a time that does not conflict with household responsibilities.
A56: AII-055 | B56: 18 | C56: 13 - 19 | D56: Female | E56: Adolescent participant | F56: Hausa | G56: Conversational | H56: Young woman | I56: Yes | J56: Friend/neighbour | K56: Did not attend | L56: Did not attend | M56: 0 | N56: Not assessed | O56: Not assessed | P56: Not assessed | Q56: Not assessed | R56: Not assessed | S56: No | T56: Not rated | U56: Insufficient prior information | V56: Local-language community meeting | W56: Maybe | X56: Local-language community meeting | Y56: Share information through elders and women leaders before the event.
A57: AII-056 | B57: 25 | C57: 20 - 29 | D57: Female | E57: Community member | F57: English | G57: Conversational | H57: Young woman | I57: Yes | J57: Friend/neighbour | K57: Attended | L57: On time | M57: 3 | N57: Clear | O57: Women health, education and support services | P57: Moderate | Q57: Neutral | R57: Contributed to discussion | S57: Yes | T57: 3 | U57: Limited time for questions | V57: Women group meeting | W57: Yes | X57: Women group meeting | Y57: Allow more time for questions and small-group discussion.
A58: AII-057 | B58: 54 | C58: 50+ | D58: Female | E58: Community member | F58: English | G58: Conversational | H58: Adult woman | I58: Yes | J58: Women group representative | K58: Attended | L58: 15 - 30 minutes late | M58: 4 | N58: Clear | O58: Women health, education and support services | P58: High | Q58: Comfortable | R58: Actively engaged | S58: Yes | T58: 4 | U58: Need for clearer purpose explanation | V58: Home/compound visit | W58: Yes | X58: Home/compound visit | Y58: State clearly that the outreach is for health, education and referral information.
A59: AII-058 | B59: 17 | C59: 13 - 19 | D59: Female | E59: Adolescent participant | F59: Adara | G59: None | H59: Girl | I59: No | J59: Not applicable | K59: Did not attend | L59: Did not attend | M59: 0 | N59: Not assessed | O59: Not assessed | P59: Not assessed | Q59: Not assessed | R59: Not assessed | S59: No | T59: Not rated | U59: Did not hear about programme | V59: Women group meeting | W59: No | X59: Women group meeting | Y59: Use community announcements and local networks earlier.
A60: AII-059 | B60: 63 | C60: 50+ | D60: Female | E60: Village/community leader | F60: Adara | G60: None | H60: Community stakeholder | I60: Yes | J60: Field team invitation | K60: Attended | L60: On time | M60: 1 | N60: Limited | O60: Unsure why women and girls were invited | P60: Very high | Q60: Very uncomfortable | R60: Observed only | S60: Yes | T60: 1 | U60: Language barrier | V60: Home/compound visit | W60: No | X60: Home/compound visit | Y60: Use an Adara/Hausa interpreter and explain each topic slowly.
A61: AII-060 | B61: 57 | C61: 50+ | D61: Female | E61: Community member | F61: Hausa | G61: Basic | H61: Adult woman | I61: Yes | J61: Teacher/school contact | K61: Attended | L61: On time | M61: 3 | N61: Partial | O61: Unclear; possibly external influence | P61: Moderate | Q61: Neutral | R61: Listened quietly | S61: Yes | T61: 3 | U61: Need for clearer purpose explanation | V61: Radio announcement | W61: Maybe | X61: Radio announcement | Y61: State clearly that the outreach is for health, education and referral information.
A62: AII-061 | B62: 13 | C62: 13 - 19 | D62: Female | E62: Community member | F62: Hausa | G62: Conversational | H62: Girl | I62: Yes | J62: Family member | K62: Attended | L62: More than 30 minutes late | M62: 3 | N62: Partial | O62: Women health and education | P62: Low | Q62: Uncomfortable | R62: Listened quietly | S62: Yes | T62: 3 | U62: Need for clearer purpose explanation | V62: Local-language community meeting | W62: No | X62: Local-language community meeting | Y62: State clearly that the outreach is for health, education and referral information.
A63: AII-062 | B63: 41 | C63: 40 - 49 | D63: Female | E63: Parent/guardian | F63: Gbagyi | G63: None | H63: Adult woman | I63: Yes | J63: Village/community leader | K63: Attended | L63: 15 - 30 minutes late | M63: 4 | N63: Partial | O63: Women health and education | P63: High | Q63: Very comfortable | R63: Asked one question | S63: Yes | T63: 3 | U63: Limited time for questions | V63: Home/compound visit | W63: Maybe | X63: Home/compound visit | Y63: Allow more time for questions and small-group discussion.
A64: AII-063 | B64: 19 | C64: 13 - 19 | D64: Female | E64: Community member | F64: Gbagyi | G64: None | H64: Young woman | I64: Yes | J64: Friend/neighbour | K64: Did not attend | L64: Did not attend | M64: 0 | N64: Not assessed | O64: Not assessed | P64: Not assessed | Q64: Not assessed | R64: Not assessed | S64: No | T64: Not rated | U64: Household/time constraints | V64: Local-language community meeting | W64: Maybe | X64: Local-language community meeting | Y64: Choose a time that does not conflict with household responsibilities.
A65: AII-064 | B65: 31 | C65: 30 - 39 | D65: Female | E65: Community member | F65: Adara | G65: Conversational | H65: Adult woman | I65: Yes | J65: Field team invitation | K65: Did not attend | L65: Did not attend | M65: 0 | N65: Not assessed | O65: Not assessed | P65: Not assessed | Q65: Not assessed | R65: Not assessed | S65: No | T65: Not rated | U65: Insufficient prior information | V65: Home/compound visit | W65: No | X65: Home/compound visit | Y65: Share information through elders and women leaders before the event.
A66: AII-065 | B66: 43 | C66: 40 - 49 | D66: Female | E66: Parent/guardian | F66: Hausa | G66: Conversational | H66: Adult woman | I66: Yes | J66: Women group representative | K66: Attended | L66: On time | M66: 4 | N66: Clear | O66: Women health, education and support services | P66: High | Q66: Comfortable | R66: Contributed to discussion | S66: Yes | T66: 3 | U66: Limited time for questions | V66: Women group meeting | W66: Yes | X66: Women group meeting | Y66: Allow more time for questions and small-group discussion.
A67: AII-066 | B67: 56 | C67: 50+ | D67: Female | E67: Community member | F67: Hausa | G67: None | H67: Adult woman | I67: Yes | J67: Friend/neighbour | K67: Attended | L67: On time | M67: 3 | N67: Limited | O67: Unclear; possibly external influence | P67: Very low | Q67: Very uncomfortable | R67: Observed only | S67: Yes | T67: 1 | U67: Need for clearer purpose explanation | V67: Home/compound visit | W67: No | X67: Home/compound visit | Y67: State clearly that the outreach is for health, education and referral information.
A68: AII-067 | B68: 16 | C68: 13 - 19 | D68: Female | E68: Adolescent participant | F68: Fulfulde | G68: None | H68: Girl | I68: Yes | J68: Village/community leader | K68: Did not attend | L68: Did not attend | M68: 0 | N68: Not assessed | O68: Not assessed | P68: Not assessed | Q68: Not assessed | R68: Not assessed | S68: No | T68: Not rated | U68: Insufficient prior information | V68: Home/compound visit | W68: No | X68: Home/compound visit | Y68: Share information through elders and women leaders before the event.
A69: AII-068 | B69: 18 | C69: 13 - 19 | D69: Female | E69: Community member | F69: Gbagyi | G69: Basic | H69: Young woman | I69: Yes | J69: Village/community leader | K69: Attended | L69: On time | M69: 3 | N69: Partial | O69: Unclear; possibly external influence | P69: Moderate | Q69: Neutral | R69: Listened quietly | S69: No | T69: 4 | U69: Need for clearer purpose explanation | V69: School-based session | W69: No | X69: School-based session | Y69: No feedback recorded.
A70: AII-069 | B70: 53 | C70: 50+ | D70: Female | E70: Village/community leader | F70: Adara | G70: Basic | H70: Adult woman | I70: Yes | J70: Village/community leader | K70: Attended | L70: 15 - 30 minutes late | M70: 3 | N70: Partial | O70: Women health and education | P70: Moderate | Q70: Uncomfortable | R70: Listened quietly | S70: No | T70: 2 | U70: Need for elder engagement | V70: Women group meeting | W70: Yes | X70: Women group meeting | Y70: No feedback recorded.
A71: AII-070 | B71: 39 | C71: 30 - 39 | D71: Female | E71: Community member | F71: Hausa | G71: Basic | H71: Adult woman | I71: Yes | J71: Village/community leader | K71: Attended | L71: 15 - 30 minutes late | M71: 4 | N71: Partial | O71: Unclear; possibly external influence | P71: Moderate | Q71: Neutral | R71: Contributed to discussion | S71: No | T71: 2 | U71: Household/time constraints | V71: Local-language community meeting | W71: Yes | X71: Local-language community meeting | Y71: No feedback recorded.
A72: AII-071 | B72: 13 | C72: 13 - 19 | D72: Female | E72: Adolescent participant | F72: Adara | G72: Basic | H72: Girl | I72: No | J72: Not applicable | K72: Did not attend | L72: Did not attend | M72: 0 | N72: Not assessed | O72: Not assessed | P72: Not assessed | Q72: Not assessed | R72: Not assessed | S72: No | T72: Not rated | U72: Did not hear about programme | V72: Local-language community meeting | W72: Maybe | X72: Local-language community meeting | Y72: Use community announcements and local networks earlier.
A73: AII-072 | B73: 16 | C73: 13 - 19 | D73: Female | E73: Community member | F73: Adara | G73: None | H73: Girl | I73: Yes | J73: Village/community leader | K73: Attended | L73: 15 - 30 minutes late | M73: 1 | N73: Limited | O73: Unsure why women and girls were invited | P73: Low | Q73: Uncomfortable | R73: Observed only | S73: No | T73: 2 | U73: Need for clearer purpose explanation | V73: Local-language community meeting | W73: Maybe | X73: Local-language community meeting | Y73: No feedback recorded.
A74: AII-073 | B74: 18 | C74: 13 - 19 | D74: Female | E74: Community member | F74: Fulfulde | G74: None | H74: Young woman | I74: Yes | J74: Village/community leader | K74: Attended | L74: 15 - 30 minutes late | M74: 4 | N74: Limited | O74: Unsure why women and girls were invited | P74: Low | Q74: Uncomfortable | R74: Asked one question | S74: Yes | T74: 1 | U74: Need for clearer purpose explanation | V74: School-based session | W74: No | X74: School-based session | Y74: State clearly that the outreach is for health, education and referral information.
A75: AII-074 | B75: 43 | C75: 40 - 49 | D75: Female | E75: Community member | F75: Adara | G75: None | H75: Adult woman | I75: Yes | J75: Village/community leader | K75: Attended | L75: 15 - 30 minutes late | M75: 3 | N75: Partial | O75: Unclear; possibly external influence | P75: High | Q75: Comfortable | R75: Asked one question | S75: Yes | T75: 5 | U75: Need for clearer purpose explanation | V75: Women group meeting | W75: Maybe | X75: Women group meeting | Y75: State clearly that the outreach is for health, education and referral information.
A76: AII-075 | B76: 14 | C76: 13 - 19 | D76: Female | E76: Community member | F76: Adara | G76: None | H76: Girl | I76: Yes | J76: Family member | K76: Attended | L76: 15 - 30 minutes late | M76: 4 | N76: Limited | O76: Unsure why women and girls were invited | P76: Low | Q76: Very uncomfortable | R76: Listened quietly | S76: No | T76: 3 | U76: Language barrier | V76: Local-language community meeting | W76: Maybe | X76: Local-language community meeting | Y76: No feedback recorded.
A77: AII-076 | B77: 16 | C77: 13 - 19 | D77: Female | E77: Adolescent participant | F77: Hausa | G77: Basic | H77: Girl | I77: Yes | J77: Friend/neighbour | K77: Attended | L77: On time | M77: 2 | N77: Limited | O77: Unclear; possibly external influence | P77: Very low | Q77: Very uncomfortable | R77: Listened quietly | S77: No | T77: 1 | U77: Need for clearer purpose explanation | V77: Local-language community meeting | W77: No | X77: Local-language community meeting | Y77: No feedback recorded.
A78: AII-077 | B78: 36 | C78: 30 - 39 | D78: Female | E78: Parent/guardian | F78: English | G78: Conversational | H78: Adult woman | I78: No | J78: Not applicable | K78: Did not attend | L78: Did not attend | M78: 0 | N78: Not assessed | O78: Not assessed | P78: Not assessed | Q78: Not assessed | R78: Not assessed | S78: No | T78: Not rated | U78: Did not hear about programme | V78: Women group meeting | W78: Maybe | X78: Women group meeting | Y78: Use community announcements and local networks earlier.
A79: AII-078 | B79: 65 | C79: 50+ | D79: Female | E79: Community member | F79: Gbagyi | G79: None | H79: Adult woman | I79: Yes | J79: Village/community leader | K79: Attended | L79: More than 30 minutes late | M79: 4 | N79: Partial | O79: Women health and education | P79: Moderate | Q79: Comfortable | R79: Contributed to discussion | S79: Yes | T79: 4 | U79: Need for elder engagement | V79: Local-language community meeting | W79: No | X79: Local-language community meeting | Y79: Meet village elders and gatekeepers before inviting participants.
A80: AII-079 | B80: 16 | C80: 13 - 19 | D80: Female | E80: Community member | F80: Adara | G80: Basic | H80: Girl | I80: Yes | J80: Teacher/school contact | K80: Attended | L80: On time | M80: 4 | N80: Clear | O80: Women health, education and support services | P80: High | Q80: Neutral | R80: Contributed to discussion | S80: Yes | T80: 4 | U80: No major concern | V80: Radio announcement | W80: Yes | X80: Radio announcement | Y80: The team was respectful; repeat the session with local support.
A81: AII-080 | B81: 16 | C81: 13 - 19 | D81: Female | E81: Adolescent participant | F81: Adara | G81: None | H81: Girl | I81: Yes | J81: Women group representative | K81: Attended | L81: On time | M81: 3 | N81: Limited | O81: Unclear; possibly external influence | P81: Low | Q81: Very uncomfortable | R81: Observed only | S81: Yes | T81: 1 | U81: Need for elder engagement | V81: Local-language community meeting | W81: Maybe | X81: Local-language community meeting | Y81: Meet village elders and gatekeepers before inviting participants.
A82: AII-081 | B82: 13 | C82: 13 - 19 | D82: Female | E82: Adolescent participant | F82: Adara | G82: None | H82: Girl | I82: Yes | J82: Friend/neighbour | K82: Attended | L82: On time | M82: 2 | N82: Limited | O82: Unsure why women and girls were invited | P82: Very low | Q82: Uncomfortable | R82: Observed only | S82: Yes | T82: 2 | U82: Language barrier | V82: Local-language community meeting | W82: No | X82: Local-language community meeting | Y82: Use an Adara/Hausa interpreter and explain each topic slowly.
A83: AII-082 | B83: 29 | C83: 20 - 29 | D83: Female | E83: Community member | F83: Adara | G83: None | H83: Young woman | I83: No | J83: Not applicable | K83: Did not attend | L83: Did not attend | M83: 0 | N83: Not assessed | O83: Not assessed | P83: Not assessed | Q83: Not assessed | R83: Not assessed | S83: No | T83: Not rated | U83: Did not hear about programme | V83: School-based session | W83: Maybe | X83: School-based session | Y83: Use community announcements and local networks earlier.
A84: AII-083 | B84: 35 | C84: 30 - 39 | D84: Female | E84: Teacher | F84: English | G84: Fluent | H84: Adult woman | I84: Yes | J84: Family member | K84: Attended | L84: 15 - 30 minutes late | M84: 5 | N84: Clear | O84: Women health, education and support services | P84: Low | Q84: Very uncomfortable | R84: Asked one question | S84: No | T84: 2 | U84: Need for elder engagement | V84: Women group meeting | W84: Yes | X84: Women group meeting | Y84: No feedback recorded.
A85: AII-084 | B85: 38 | C85: 30 - 39 | D85: Female | E85: Teacher | F85: Adara | G85: Conversational | H85: Adult woman | I85: Yes | J85: Family member | K85: Attended | L85: 15 - 30 minutes late | M85: 2 | N85: Clear | O85: Women health, education and support services | P85: Low | Q85: Neutral | R85: Observed only | S85: Yes | T85: 2 | U85: Limited time for questions | V85: School-based session | W85: Yes | X85: School-based session | Y85: Allow more time for questions and small-group discussion.
A86: AII-085 | B86: 29 | C86: 20 - 29 | D86: Female | E86: Community member | F86: Fulfulde | G86: None | H86: Young woman | I86: Yes | J86: Women group representative | K86: Attended | L86: On time | M86: 5 | N86: Partial | O86: Women health and education | P86: High | Q86: Comfortable | R86: Contributed to discussion | S86: Yes | T86: 5 | U86: Need for elder engagement | V86: Women group meeting | W86: Maybe | X86: Women group meeting | Y86: Meet village elders and gatekeepers before inviting participants.
A87: AII-086 | B87: 35 | C87: 30 - 39 | D87: Female | E87: Village/community leader | F87: Hausa | G87: Basic | H87: Community stakeholder | I87: Yes | J87: Field team invitation | K87: Attended | L87: On time | M87: 2 | N87: Partial | O87: Unclear; possibly external influence | P87: Very low | Q87: Very uncomfortable | R87: Observed only | S87: Yes | T87: 1 | U87: Need for elder engagement | V87: School-based session | W87: No | X87: School-based session | Y87: Meet village elders and gatekeepers before inviting participants.
A88: AII-087 | B88: 39 | C88: 30 - 39 | D88: Female | E88: Parent/guardian | F88: Hausa | G88: None | H88: Adult woman | I88: Yes | J88: Family member | K88: Attended | L88: On time | M88: 3 | N88: Partial | O88: Women health and education | P88: Very low | Q88: Very uncomfortable | R88: Listened quietly | S88: Yes | T88: 1 | U88: Need for clearer purpose explanation | V88: Local-language community meeting | W88: No | X88: Local-language community meeting | Y88: State clearly that the outreach is for health, education and referral information.
A89: AII-088 | B89: 33 | C89: 30 - 39 | D89: Female | E89: Parent/guardian | F89: Hausa | G89: None | H89: Adult woman | I89: Yes | J89: Friend/neighbour | K89: Attended | L89: On time | M89: 4 | N89: Partial | O89: Unclear; possibly external influence | P89: Moderate | Q89: Neutral | R89: Contributed to discussion | S89: Yes | T89: 3 | U89: Limited time for questions | V89: School-based session | W89: Maybe | X89: School-based session | Y89: Allow more time for questions and small-group discussion.
A90: AII-089 | B90: 16 | C90: 13 - 19 | D90: Female | E90: Adolescent participant | F90: Adara | G90: None | H90: Girl | I90: Yes | J90: Family member | K90: Attended | L90: 15 - 30 minutes late | M90: 3 | N90: Limited | O90: Unclear; possibly external influence | P90: Very low | Q90: Uncomfortable | R90: Listened quietly | S90: No | T90: 2 | U90: Need for clearer purpose explanation | V90: Women group meeting | W90: No | X90: Women group meeting | Y90: No feedback recorded.
A91: AII-090 | B91: 62 | C91: 50+ | D91: Female | E91: Community member | F91: Adara | G91: None | H91: Adult woman | I91: Yes | J91: Friend/neighbour | K91: Attended | L91: 15 - 30 minutes late | M91: 2 | N91: Limited | O91: Unclear; possibly external influence | P91: Very low | Q91: Very uncomfortable | R91: Observed only | S91: No | T91: 1 | U91: Language barrier | V91: Radio announcement | W91: No | X91: Radio announcement | Y91: No feedback recorded.
A92: AII-091 | B92: 28 | C92: 20 - 29 | D92: Female | E92: Parent/guardian | F92: Hausa | G92: None | H92: Young woman | I92: Yes | J92: Friend/neighbour | K92: Attended | L92: More than 30 minutes late | M92: 1 | N92: Limited | O92: Unsure why women and girls were invited | P92: Very low | Q92: Very uncomfortable | R92: Observed only | S92: No | T92: 1 | U92: Limited time for questions | V92: Local-language community meeting | W92: No | X92: Local-language community meeting | Y92: No feedback recorded.
A93: AII-092 | B93: 16 | C93: 13 - 19 | D93: Female | E93: Community member | F93: Adara | G93: Basic | H93: Girl | I93: Yes | J93: Field team invitation | K93: Attended | L93: 15 - 30 minutes late | M93: 3 | N93: Limited | O93: Unsure why women and girls were invited | P93: Very low | Q93: Very uncomfortable | R93: Observed only | S93: No | T93: 2 | U93: Language barrier | V93: Women group meeting | W93: No | X93: Women group meeting | Y93: No feedback recorded.
A94: AII-093 | B94: 37 | C94: 30 - 39 | D94: Female | E94: Teacher | F94: Hausa | G94: Fluent | H94: Adult woman | I94: Yes | J94: Friend/neighbour | K94: Attended | L94: On time | M94: 3 | N94: Clear | O94: Women health, education and support services | P94: Moderate | Q94: Neutral | R94: Contributed to discussion | S94: Yes | T94: 2 | U94: Need for elder engagement | V94: Radio announcement | W94: Maybe | X94: Radio announcement | Y94: Meet village elders and gatekeepers before inviting participants.
A95: AII-094 | B95: 15 | C95: 13 - 19 | D95: Female | E95: Community member | F95: Adara | G95: None | H95: Girl | I95: Yes | J95: Family member | K95: Attended | L95: More than 30 minutes late | M95: 2 | N95: Limited | O95: Health talk only | P95: Very low | Q95: Uncomfortable | R95: Observed only | S95: Yes | T95: 1 | U95: Need for clearer purpose explanation | V95: Women group meeting | W95: No | X95: Women group meeting | Y95: State clearly that the outreach is for health, education and referral information.
A96: AII-095 | B96: 44 | C96: 40 - 49 | D96: Female | E96: Community member | F96: Fulfulde | G96: Basic | H96: Adult woman | I96: Yes | J96: Family member | K96: Attended | L96: More than 30 minutes late | M96: 2 | N96: Partial | O96: Unclear; possibly external influence | P96: Very low | Q96: Very uncomfortable | R96: Observed only | S96: No | T96: 2 | U96: Language barrier | V96: Women group meeting | W96: No | X96: Women group meeting | Y96: No feedback recorded.
A97: AII-096 | B97: 44 | C97: 40 - 49 | D97: Female | E97: Village/community leader | F97: English | G97: Fluent | H97: Adult woman | I97: Yes | J97: Friend/neighbour | K97: Did not attend | L97: Did not attend | M97: 0 | N97: Not assessed | O97: Not assessed | P97: Not assessed | Q97: Not assessed | R97: Not assessed | S97: No | T97: Not rated | U97: Language barrier | V97: Women group meeting | W97: Yes | X97: Women group meeting | Y97: Use a trusted local-language interpreter.
A98: AII-097 | B98: 50 | C98: 50+ | D98: Female | E98: Community member | F98: Hausa | G98: Fluent | H98: Adult woman | I98: Yes | J98: Family member | K98: Did not attend | L98: Did not attend | M98: 0 | N98: Not assessed | O98: Not assessed | P98: Not assessed | Q98: Not assessed | R98: Not assessed | S98: No | T98: Not rated | U98: Household/time constraints | V98: Women group meeting | W98: Yes | X98: Women group meeting | Y98: Choose a time that does not conflict with household responsibilities.
A99: AII-098 | B99: 62 | C99: 50+ | D99: Female | E99: Community member | F99: Adara | G99: Conversational | H99: Adult woman | I99: No | J99: Not applicable | K99: Did not attend | L99: Did not attend | M99: 0 | N99: Not assessed | O99: Not assessed | P99: Not assessed | Q99: Not assessed | R99: Not assessed | S99: No | T99: Not rated | U99: Did not hear about programme | V99: Local-language community meeting | W99: Maybe | X99: Local-language community meeting | Y99: Use community announcements and local networks earlier.
A100: AII-099 | B100: 19 | C100: 13 - 19 | D100: Female | E100: Community member | F100: Adara | G100: None | H100: Young woman | I100: Yes | J100: Field team invitation | K100: Did not attend | L100: Did not attend | M100: 0 | N100: Not assessed | O100: Not assessed | P100: Not assessed | Q100: Not assessed | R100: Not assessed | S100: No | T100: Not rated | U100: Insufficient prior information | V100: Local-language community meeting | W100: Yes | X100: Local-language community meeting | Y100: Share information through elders and women leaders before the event.
...

Sheet Analysis
A1: Which age groups did the outreach actually reach?
A2: Attendance by Age group | B2: Attendance_Status
A3: Age_Group | C3: Attended | D3: Did not attend | E3: Grand Total | G3: Did language ability affect how well participants understood the programme?
B4: 0 | E4: 0 | G4: Attendance by Age group | H4: Programme_Understanding
A5: 13 - 19 | C5: 49 | D5: 23 | E5: 72 | G5: English_Proficiency | I5: Clear | J5: Limited | K5: Not assessed | L5: Partial | M5: Grand Total
A6: 20 - 29 | C6: 15 | D6: 7 | E6: 22 | H6: 0 | M6: 0
A7: 30 - 39 | C7: 21 | D7: 13 | E7: 34 | G7: Basic | I7: 8 | J7: 5 | K7: 18 | L7: 32 | M7: 63
A8: 40 - 49 | C8: 25 | D8: 13 | E8: 38 | G8: Conversational | I8: 16 | K8: 15 | L8: 6 | M8: 37
A9: 50+ | C9: 20 | D9: 14 | E9: 34 | G9: Fluent | I9: 13 | K9: 5 | L9: 1 | M9: 19
A10: Grand Total | B10: 0 | C10: 130 | D10: 70 | E10: 200 | G10: None | J10: 25 | K10: 32 | L10: 24 | M10: 81
G11: Grand Total | H11: 0 | I11: 37 | J11: 30 | K11: 70 | L11: 63 | M11: 200
A13: Which participant groups did the outreach successfully reach, and which groups were missed?
A14: Participation Groups | B14: Attendance_Status
A15: Participant_Type | C15: Attended | D15: Did not attend | E15: Grand Total | G15: Is there a relationship between understanding the programme and trusting the organisation?
B16: 0 | E16: 0 | G16: Attendance by Age group | H16: Trust_Level
A17: Adult woman | C17: 59 | D17: 37 | E17: 96 | G17: Programme_Understanding | I17: High | J17: Low | K17: Moderate | L17: Not assessed | M17: Very high | N17: Very low | O17: Grand Total
A18: Community stakeholder | C18: 7 | D18: 3 | E18: 10 | H18: 0 | O18: 0
A19: Girl | C19: 37 | D19: 15 | E19: 52 | G19: Clear | I19: 12 | J19: 6 | K19: 13 | M19: 6 | O19: 37
A20: Young woman | C20: 27 | D20: 15 | E20: 42 | G20: Limited | J20: 8 | M20: 2 | N20: 20 | O20: 30
A21: Grand Total | B21: 0 | C21: 130 | D21: 70 | E21: 200 | G21: Not assessed | L21: 70 | O21: 70
G22: Partial | I22: 5 | J22: 23 | K22: 28 | N22: 7 | O22: 63
G23: Grand Total | H23: 0 | I23: 17 | J23: 37 | K23: 41 | L23: 70 | M23: 8 | N23: 27 | O23: 200
A25: Did language ability affect how well participants understood the programme?
A26: Attendance by Age group | B26: Programme_Understanding | C26: Participation_Level
C27: Total | D27: Clear | I27: Clear Total | J27: Limited | M27: Limited Total | N27: Not assessed | O27: Not assessed Total | P27: Partial | T27: Partial Total | U27: Grand Total
A28: Trust_Level | D28: Actively engaged | E28: Asked one question | F28: Contributed to discussion | G28: Listened quietly | H28: Observed only | J28: Asked one question | K28: Listened quietly | L28: Observed only | N28: Not assessed | P28: Asked one question | Q28: Contributed to discussion | R28: Listened quietly | S28: Observed only
B29: 0 | C29: 0 | U29: 0
A30: High | D30: 3 | E30: 2 | F30: 7 | I30: 12 | P30: 3 | Q30: 2 | T30: 5 | U30: 17
A31: Low | E31: 3 | H31: 3 | I31: 6 | J31: 3 | K31: 1 | L31: 4 | M31: 8 | P31: 2 | R31: 11 | S31: 10 | T31: 23 | U31: 37
A32: Moderate | D32: 1 | E32: 4 | F32: 2 | G32: 4 | H32: 2 | I32: 13 | P32: 6 | Q32: 12 | R32: 8 | S32: 2 | T32: 28 | U32: 41
A33: Not assessed | N33: 70 | O33: 70 | U33: 70
A34: Very high | D34: 3 | E34: 1 | F34: 2 | I34: 6 | L34: 2 | M34: 2 | U34: 8
A35: Very low | J35: 1 | K35: 10 | L35: 9 | M35: 20 | P35: 1 | R35: 2 | S35: 4 | T35: 7 | U35: 27
A36: Grand Total | B36: 0 | C36: 0 | D36: 7 | E36: 10 | F36: 11 | G36: 4 | H36: 5 | I36: 37 | J36: 4 | K36: 11 | L36: 15 | M36: 30 | N36: 70 | O36: 70 | P36: 12 | Q36: 14 | R36: 21 | S36: 16 | T36: 63 | U36: 200
A41: Main Concerns
A42: Main_Concern | B42: Participation Groups
B43: 0
A44: Concern about programme purpose | B44: 10
A45: Did not hear about programme | B45: 32
A46: Household/time constraints | B46: 17
A47: Insufficient prior information | B47: 14
A48: Language barrier | B48: 36
A49: Limited time for questions | B49: 14
A50: Need for clearer purpose explanation | B50: 33
A51: Need for elder engagement | B51: 27
A52: No major concern | B52: 17
A53: Grand Total | B53: 200
A57: Follow up Willingness
A58: Would_Attend_Follow_Up | B58: COUNTA of Participant_ID
B59: 0
A60: Maybe | B60: 62
A61: No | B61: 75
A62: Yes | B62: 63
A63: Grand Total | B63: 200
A68: Preferred Mode of communication
A69: Preferred_Communication_Method | B69: COUNTA of Participant_ID
B70: 0
A71: Home/compound visit | B71: 24
A72: Local-language community meeting | B72: 67
A73: Radio announcement | B73: 16
A74: School-based session | B74: 34
A75: Women group meeting | B75: 59
A76: Grand Total | B76: 200
A80: Satisfaction by Participant Type
A81: Participant_Type | B81: AVERAGE of Satisfaction_Score
B82: =#DIV/0! -> #DIV/0!
A83: Adult woman | B83: 2.5762712
A84: Community stakeholder | B84: 1.5714286
A85: Girl | B85: 2.4594595
A86: Young woman | B86: 2.7407407
A87: Grand Total | B87: 2.5230769

Sheet Dashboard
B1: Aderyn Impact Initiative · Kallah Outreach Performance Dashboard | AB1: CHART DATA — formulas on Clean Data; feeds the dashboard (do not delete)
B2: Why was engagement limited, and what must change before AII returns? Women & girls outreach, Kallah, Kajuru LGA, Kaduna State · n = 200 participants | AB2: Attendance by age group
AC3: Attended | AD3: Did not attend | AE3: Attendance rate
B4: PARTICIPANTS SURVEYED | F4: ATTENDANCE RATE | J4: CLEAR UNDERSTANDING | N4: HIGH / VERY HIGH TRUST | R4: AVG. SATISFACTION | V4: WOULD ATTEND FOLLOW-UP | AB4: 13 - 19 | AC4: =COUNTIFS('Clean Data'!$C$2:$C$1000,$AB4,'Clean Data'!$K$2:$K$1000,"Attended") -> 49 | AD4: =COUNTIFS('Clean Data'!$C$2:$C$1000,$AB4,'Clean Data'!$K$2:$K$1000,"Did not attend") -> 23 | AE4: =IFERROR(AC4/(AC4+AD4),0) -> 0.68055556
B5: =COUNTA('Clean Data'!$A$2:$A$1000) -> 200 | F5: =COUNTIFS('Clean Data'!$K$2:$K$1000,"Attended")/COUNTA('Clean Data'!$A$2:$A$1000) -> 0.65 | J5: =COUNTIFS('Clean Data'!$N$2:$N$1000,"Clear")/COUNTIFS('Clean Data'!$K$2:$K$1000,"Attended") -> 0.28461538 | N5: =(COUNTIFS('Clean Data'!$P$2:$P$1000,"High")+COUNTIFS('Clean Data'!$P$2:$P$1000,"Very high"))/COUNTIFS('Clean Data'!$K$2:$K$1000,"Attended") -> 0.19230769 | R5: =AVERAGE('Clean Data'!$T$2:$T$1000) -> 2.5230769 | V5: =COUNTIFS('Clean Data'!$W$2:$W$1000,"Yes")/COUNTA('Clean Data'!$A$2:$A$1000) -> 0.315 | AB5: 20 - 29 | AC5: =COUNTIFS('Clean Data'!$C$2:$C$1000,$AB5,'Clean Data'!$K$2:$K$1000,"Attended") -> 15 | AD5: =COUNTIFS('Clean Data'!$C$2:$C$1000,$AB5,'Clean Data'!$K$2:$K$1000,"Did not attend") -> 7 | AE5: =IFERROR(AC5/(AC5+AD5),0) -> 0.68181818
AB6: 30 - 39 | AC6: =COUNTIFS('Clean Data'!$C$2:$C$1000,$AB6,'Clean Data'!$K$2:$K$1000,"Attended") -> 21 | AD6: =COUNTIFS('Clean Data'!$C$2:$C$1000,$AB6,'Clean Data'!$K$2:$K$1000,"Did not attend") -> 13 | AE6: =IFERROR(AC6/(AC6+AD6),0) -> 0.61764706
B7: =COUNTIFS('Clean Data'!$I$2:$I$1000,"No")&" never heard of the outreach" -> 32 never heard of the outreach | F7: =COUNTIFS('Clean Data'!$K$2:$K$1000,"Attended")&" of "&COUNTA('Clean Data'!$A$2:$A$1000)&" attended" -> 130 of 200 attended | J7: =COUNTIFS('Clean Data'!$N$2:$N$1000,"Clear")&" of "&COUNTIFS('Clean Data'!$K$2:$K$1000,"Attended")&" attendees" -> 37 of 130 attendees | N7: =(COUNTIFS('Clean Data'!$P$2:$P$1000,"High")+COUNTIFS('Clean Data'!$P$2:$P$1000,"Very high"))&" of "&COUNTIFS('Clean Data'!$K$2:$K$1000,"Attended")&" attendees" -> 25 of 130 attendees | R7: ="out of 5 (attendees)" -> out of 5 (attendees) | V7: =COUNTIFS('Clean Data'!$W$2:$W$1000,"Yes")&" yes · "&COUNTIFS('Clean Data'!$W$2:$W$1000,"Maybe")&" maybe · "&COUNTIFS('Clean Data'!$W$2:$W$1000,"No")&" no" -> 63 yes · 62 maybe · 75 no | AB7: 40 - 49 | AC7: =COUNTIFS('Clean Data'!$C$2:$C$1000,$AB7,'Clean Data'!$K$2:$K$1000,"Attended") -> 25 | AD7: =COUNTIFS('Clean Data'!$C$2:$C$1000,$AB7,'Clean Data'!$K$2:$K$1000,"Did not attend") -> 13 | AE7: =IFERROR(AC7/(AC7+AD7),0) -> 0.65789474
AB8: 50+ | AC8: =COUNTIFS('Clean Data'!$C$2:$C$1000,$AB8,'Clean Data'!$K$2:$K$1000,"Attended") -> 20 | AD8: =COUNTIFS('Clean Data'!$C$2:$C$1000,$AB8,'Clean Data'!$K$2:$K$1000,"Did not attend") -> 14 | AE8: =IFERROR(AC8/(AC8+AD8),0) -> 0.58823529
B9: 1 · REACH — Who did the outreach actually reach, and who was missed?
B10: Attendance by age group | N10: Attendance by participant group | AB10: Attendance by participant type
B11: ="Highest attendance: "&INDEX($AB$4:$AB$8,MATCH(MAX($AE$4:$AE$8),$AE$4:$AE$8,0))&" ("&TEXT(MAX($AE$4:$AE$8),"0%")&"); lowest: "&INDEX($AB$4:$AB$8,MATCH(MIN($AE$4:$AE$8),$AE$4:$AE$8,0))&" ("&TEXT(MIN($AE$4:$AE$8),"0%")&")" -> Highest attendance: 20 - 29 (68%); lowest: 50+ (59%) | N11: ="Highest attendance: "&INDEX($AB$12:$AB$15,MATCH(MAX($AE$12:$AE$15),$AE$12:$AE$15,0))&" ("&TEXT(MAX($AE$12:$AE$15),"0%")&"); lowest: "&INDEX($AB$12:$AB$15,MATCH(MIN($AE$12:$AE$15),$AE$12:$AE$15,0))&" ("&TEXT(MIN($AE$12:$AE$15),"0%")&")" -> Highest attendance: Girl (71%); lowest: Adult woman (61%) | AC11: Attended | AD11: Did not attend | AE11: Attendance rate
AB12: Adult woman | AC12: =COUNTIFS('Clean Data'!$H$2:$H$1000,$AB12,'Clean Data'!$K$2:$K$1000,"Attended") -> 59 | AD12: =COUNTIFS('Clean Data'!$H$2:$H$1000,$AB12,'Clean Data'!$K$2:$K$1000,"Did not attend") -> 37 | AE12: =IFERROR(AC12/(AC12+AD12),0) -> 0.61458333
AB13: Young woman | AC13: =COUNTIFS('Clean Data'!$H$2:$H$1000,$AB13,'Clean Data'!$K$2:$K$1000,"Attended") -> 27 | AD13: =COUNTIFS('Clean Data'!$H$2:$H$1000,$AB13,'Clean Data'!$K$2:$K$1000,"Did not attend") -> 15 | AE13: =IFERROR(AC13/(AC13+AD13),0) -> 0.64285714
AB14: Girl | AC14: =COUNTIFS('Clean Data'!$H$2:$H$1000,$AB14,'Clean Data'!$K$2:$K$1000,"Attended") -> 37 | AD14: =COUNTIFS('Clean Data'!$H$2:$H$1000,$AB14,'Clean Data'!$K$2:$K$1000,"Did not attend") -> 15 | AE14: =IFERROR(AC14/(AC14+AD14),0) -> 0.71153846
AB15: Community stakeholder | AC15: =COUNTIFS('Clean Data'!$H$2:$H$1000,$AB15,'Clean Data'!$K$2:$K$1000,"Attended") -> 7 | AD15: =COUNTIFS('Clean Data'!$H$2:$H$1000,$AB15,'Clean Data'!$K$2:$K$1000,"Did not attend") -> 3 | AE15: =IFERROR(AC15/(AC15+AD15),0) -> 0.7
AB17: Understanding by English proficiency (attendees)
AC18: Clear | AD18: Partial | AE18: Limited | AF18: Attendees | AG18: % clear
AB19: None | AC19: =COUNTIFS('Clean Data'!$G$2:$G$1000,$AB19,'Clean Data'!$N$2:$N$1000,"Clear") -> 0 | AD19: =COUNTIFS('Clean Data'!$G$2:$G$1000,$AB19,'Clean Data'!$N$2:$N$1000,"Partial") -> 24 | AE19: =COUNTIFS('Clean Data'!$G$2:$G$1000,$AB19,'Clean Data'!$N$2:$N$1000,"Limited") -> 25 | AF19: =SUM(AC19:AE19) -> 49 | AG19: =IFERROR(AC19/AF19,0) -> 0
AB20: Basic | AC20: =COUNTIFS('Clean Data'!$G$2:$G$1000,$AB20,'Clean Data'!$N$2:$N$1000,"Clear") -> 8 | AD20: =COUNTIFS('Clean Data'!$G$2:$G$1000,$AB20,'Clean Data'!$N$2:$N$1000,"Partial") -> 32 | AE20: =COUNTIFS('Clean Data'!$G$2:$G$1000,$AB20,'Clean Data'!$N$2:$N$1000,"Limited") -> 5 | AF20: =SUM(AC20:AE20) -> 45 | AG20: =IFERROR(AC20/AF20,0) -> 0.17777778
AB21: Conversational | AC21: =COUNTIFS('Clean Data'!$G$2:$G$1000,$AB21,'Clean Data'!$N$2:$N$1000,"Clear") -> 16 | AD21: =COUNTIFS('Clean Data'!$G$2:$G$1000,$AB21,'Clean Data'!$N$2:$N$1000,"Partial") -> 6 | AE21: =COUNTIFS('Clean Data'!$G$2:$G$1000,$AB21,'Clean Data'!$N$2:$N$1000,"Limited") -> 0 | AF21: =SUM(AC21:AE21) -> 22 | AG21: =IFERROR(AC21/AF21,0) -> 0.72727273
AB22: Fluent | AC22: =COUNTIFS('Clean Data'!$G$2:$G$1000,$AB22,'Clean Data'!$N$2:$N$1000,"Clear") -> 13 | AD22: =COUNTIFS('Clean Data'!$G$2:$G$1000,$AB22,'Clean Data'!$N$2:$N$1000,"Partial") -> 1 | AE22: =COUNTIFS('Clean Data'!$G$2:$G$1000,$AB22,'Clean Data'!$N$2:$N$1000,"Limited") -> 0 | AF22: =SUM(AC22:AE22) -> 14 | AG22: =IFERROR(AC22/AF22,0) -> 0.92857143
AB24: Perceived purpose of the outreach (attendees)
AC25: Attendees | AD25: % of attendees
B26: 2 · LANGUAGE & CLARITY — Did language ability affect how well the programme was understood? | AB26: Women’s health, education & support services | AC26: =COUNTIFS('Clean Data'!$O$2:$O$1000,"Women*health, education and support*",'Clean Data'!$K$2:$K$1000,"Attended") -> 37 | AD26: =IFERROR(AC26/COUNTIFS('Clean Data'!$K$2:$K$1000,"Attended"),0) -> 0.28461538
B27: Programme understanding by English proficiency (attendees) | N27: What did attendees think the outreach was for? | AB27: Women’s health and education | AC27: =COUNTIFS('Clean Data'!$O$2:$O$1000,"Women*health and education",'Clean Data'!$K$2:$K$1000,"Attended") -> 37 | AD27: =IFERROR(AC27/COUNTIFS('Clean Data'!$K$2:$K$1000,"Attended"),0) -> 0.28461538
B28: ="Clear understanding: "&TEXT($AG$19,"0%")&" of those with no English vs "&TEXT($AG$22,"0%")&" of fluent speakers" -> Clear understanding: 0% of those with no English vs 93% of fluent speakers | N28: ="Only "&TEXT($AD$26,"0%")&" named the purpose fully; "&TEXT($AD$30,"0%")&" suspected outside influence and "&TEXT($AD$29,"0%")&" were unsure why they were invited" -> Only 28% named the purpose fully; 28% suspected outside influence and 12% were unsure why they were invited | AB28: Health talk only | AC28: =COUNTIFS('Clean Data'!$O$2:$O$1000,"Health talk only",'Clean Data'!$K$2:$K$1000,"Attended") -> 3 | AD28: =IFERROR(AC28/COUNTIFS('Clean Data'!$K$2:$K$1000,"Attended"),0) -> 0.023076923
AB29: Unsure why women/girls were invited | AC29: =COUNTIFS('Clean Data'!$O$2:$O$1000,"Unsure why*",'Clean Data'!$K$2:$K$1000,"Attended") -> 16 | AD29: =IFERROR(AC29/COUNTIFS('Clean Data'!$K$2:$K$1000,"Attended"),0) -> 0.12307692
AB30: Unclear; possibly external influence | AC30: =COUNTIFS('Clean Data'!$O$2:$O$1000,"Unclear; possibly external*",'Clean Data'!$K$2:$K$1000,"Attended") -> 37 | AD30: =IFERROR(AC30/COUNTIFS('Clean Data'!$K$2:$K$1000,"Attended"),0) -> 0.28461538
AB32: Trust level by programme understanding (attendees)
AC33: Very high | AD33: High | AE33: Moderate | AF33: Low | AG33: Very low | AH33: Attendees | AI33: % high / very high
AB34: Clear | AC34: =COUNTIFS('Clean Data'!$N$2:$N$1000,$AB34,'Clean Data'!$P$2:$P$1000,"Very high") -> 6 | AD34: =COUNTIFS('Clean Data'!$N$2:$N$1000,$AB34,'Clean Data'!$P$2:$P$1000,"High") -> 12 | AE34: =COUNTIFS('Clean Data'!$N$2:$N$1000,$AB34,'Clean Data'!$P$2:$P$1000,"Moderate") -> 13 | AF34: =COUNTIFS('Clean Data'!$N$2:$N$1000,$AB34,'Clean Data'!$P$2:$P$1000,"Low") -> 6 | AG34: =COUNTIFS('Clean Data'!$N$2:$N$1000,$AB34,'Clean Data'!$P$2:$P$1000,"Very low") -> 0 | AH34: =SUM(AC34:AG34) -> 37 | AI34: =IFERROR((AC34+AD34)/AH34,0) -> 0.48648649
AB35: Partial | AC35: =COUNTIFS('Clean Data'!$N$2:$N$1000,$AB35,'Clean Data'!$P$2:$P$1000,"Very high") -> 0 | AD35: =COUNTIFS('Clean Data'!$N$2:$N$1000,$AB35,'Clean Data'!$P$2:$P$1000,"High") -> 5 | AE35: =COUNTIFS('Clean Data'!$N$2:$N$1000,$AB35,'Clean Data'!$P$2:$P$1000,"Moderate") -> 28 | AF35: =COUNTIFS('Clean Data'!$N$2:$N$1000,$AB35,'Clean Data'!$P$2:$P$1000,"Low") -> 23 | AG35: =COUNTIFS('Clean Data'!$N$2:$N$1000,$AB35,'Clean Data'!$P$2:$P$1000,"Very low") -> 7 | AH35: =SUM(AC35:AG35) -> 63 | AI35: =IFERROR((AC35+AD35)/AH35,0) -> 0.079365079
AB36: Limited | AC36: =COUNTIFS('Clean Data'!$N$2:$N$1000,$AB36,'Clean Data'!$P$2:$P$1000,"Very high") -> 2 | AD36: =COUNTIFS('Clean Data'!$N$2:$N$1000,$AB36,'Clean Data'!$P$2:$P$1000,"High") -> 0 | AE36: =COUNTIFS('Clean Data'!$N$2:$N$1000,$AB36,'Clean Data'!$P$2:$P$1000,"Moderate") -> 0 | AF36: =COUNTIFS('Clean Data'!$N$2:$N$1000,$AB36,'Clean Data'!$P$2:$P$1000,"Low") -> 8 | AG36: =COUNTIFS('Clean Data'!$N$2:$N$1000,$AB36,'Clean Data'!$P$2:$P$1000,"Very low") -> 20 | AH36: =SUM(AC36:AG36) -> 30 | AI36: =IFERROR((AC36+AD36)/AH36,0) -> 0.066666667
AB38: Participation by trust group (attendees)
AC39: Actively engaged / contributed | AD39: Asked one question | AE39: Listened quietly | AF39: Observed only | AG39: Attendees | AH39: % active
AB40: High / very high trust | AC40: =COUNTIFS('Clean Data'!$P$2:$P$1000,"High",'Clean Data'!$R$2:$R$1000,"Actively engaged")+COUNTIFS('Clean Data'!$P$2:$P$1000,"High",'Clean Data'!$R$2:$R$1000,"Contributed to discussion")+COUNTIFS('Clean Data'!$P$2:$P$1000,"Very high",'Clean Data'!$R$2:$R$1000,"Actively engaged")+COUNTIFS('Clean Data'!$P$2:$P$1000,"Very high",'Clean Data'!$R$2:$R$1000,"Contributed to discussion") -> 17 | AD40: =COUNTIFS('Clean Data'!$P$2:$P$1000,"High",'Clean Data'!$R$2:$R$1000,"Asked one question")+COUNTIFS('Clean Data'!$P$2:$P$1000,"Very high",'Clean Data'!$R$2:$R$1000,"Asked one question") -> 6 | AE40: =COUNTIFS('Clean Data'!$P$2:$P$1000,"High",'Clean Data'!$R$2:$R$1000,"Listened quietly")+COUNTIFS('Clean Data'!$P$2:$P$1000,"Very high",'Clean Data'!$R$2:$R$1000,"Listened quietly") -> 0 | AF40: =COUNTIFS('Clean Data'!$P$2:$P$1000,"High",'Clean Data'!$R$2:$R$1000,"Observed only")+COUNTIFS('Clean Data'!$P$2:$P$1000,"Very high",'Clean Data'!$R$2:$R$1000,"Observed only") -> 2 | AG40: =SUM(AC40:AF40) -> 25 | AH40: =IFERROR(AC40/AG40,0) -> 0.68
AB41: Moderate trust | AC41: =COUNTIFS('Clean Data'!$P$2:$P$1000,"Moderate",'Clean Data'!$R$2:$R$1000,"Actively engaged")+COUNTIFS('Clean Data'!$P$2:$P$1000,"Moderate",'Clean Data'!$R$2:$R$1000,"Contributed to discussion") -> 15 | AD41: =COUNTIFS('Clean Data'!$P$2:$P$1000,"Moderate",'Clean Data'!$R$2:$R$1000,"Asked one question") -> 10 | AE41: =COUNTIFS('Clean Data'!$P$2:$P$1000,"Moderate",'Clean Data'!$R$2:$R$1000,"Listened quietly") -> 12 | AF41: =COUNTIFS('Clean Data'!$P$2:$P$1000,"Moderate",'Clean Data'!$R$2:$R$1000,"Observed only") -> 4 | AG41: =SUM(AC41:AF41) -> 41 | AH41: =IFERROR(AC41/AG41,0) -> 0.36585366
AB42: Low / very low trust | AC42: =COUNTIFS('Clean Data'!$P$2:$P$1000,"Low",'Clean Data'!$R$2:$R$1000,"Actively engaged")+COUNTIFS('Clean Data'!$P$2:$P$1000,"Low",'Clean Data'!$R$2:$R$1000,"Contributed to discussion")+COUNTIFS('Clean Data'!$P$2:$P$1000,"Very low",'Clean Data'!$R$2:$R$1000,"Actively engaged")+COUNTIFS('Clean Data'!$P$2:$P$1000,"Very low",'Clean Data'!$R$2:$R$1000,"Contributed to discussion") -> 0 | AD42: =COUNTIFS('Clean Data'!$P$2:$P$1000,"Low",'Clean Data'!$R$2:$R$1000,"Asked one question")+COUNTIFS('Clean Data'!$P$2:$P$1000,"Very low",'Clean Data'!$R$2:$R$1000,"Asked one question") -> 10 | AE42: =COUNTIFS('Clean Data'!$P$2:$P$1000,"Low",'Clean Data'!$R$2:$R$1000,"Listened quietly")+COUNTIFS('Clean Data'!$P$2:$P$1000,"Very low",'Clean Data'!$R$2:$R$1000,"Listened quietly") -> 24 | AF42: =COUNTIFS('Clean Data'!$P$2:$P$1000,"Low",'Clean Data'!$R$2:$R$1000,"Observed only")+COUNTIFS('Clean Data'!$P$2:$P$1000,"Very low",'Clean Data'!$R$2:$R$1000,"Observed only") -> 30 | AG42: =SUM(AC42:AF42) -> 64 | AH42: =IFERROR(AC42/AG42,0) -> 0
B43: 3 · UNDERSTANDING → TRUST → PARTICIPATION — Did understanding the programme build trust and engagement?
B44: Trust level by programme understanding (attendees) | N44: Participation level by trust (attendees) | AB44: Main concern — attendees vs non-attendees
B45: ="High/very high trust: "&TEXT($AI$34,"0%")&" of those who understood clearly vs "&TEXT($AI$36,"0%")&" of those with limited understanding" -> High/very high trust: 49% of those who understood clearly vs 7% of those with limited understanding | N45: ="Actively engaged or contributing: "&TEXT($AH$40,"0%")&" of high-trust vs "&TEXT($AH$42,"0%")&" of low-trust attendees" -> Actively engaged or contributing: 68% of high-trust vs 0% of low-trust attendees | AC45: Attended | AD45: Did not attend | AE45: Total
AB46: Language barrier | AC46: =COUNTIFS('Clean Data'!$U$2:$U$1000,$AB46,'Clean Data'!$K$2:$K$1000,"Attended") -> 31 | AD46: =COUNTIFS('Clean Data'!$U$2:$U$1000,$AB46,'Clean Data'!$K$2:$K$1000,"Did not attend") -> 5 | AE46: =AC46+AD46 -> 36
AB47: Need for clearer purpose explanation | AC47: =COUNTIFS('Clean Data'!$U$2:$U$1000,$AB47,'Clean Data'!$K$2:$K$1000,"Attended") -> 33 | AD47: =COUNTIFS('Clean Data'!$U$2:$U$1000,$AB47,'Clean Data'!$K$2:$K$1000,"Did not attend") -> 0 | AE47: =AC47+AD47 -> 33
AB48: Did not hear about programme | AC48: =COUNTIFS('Clean Data'!$U$2:$U$1000,$AB48,'Clean Data'!$K$2:$K$1000,"Attended") -> 0 | AD48: =COUNTIFS('Clean Data'!$U$2:$U$1000,$AB48,'Clean Data'!$K$2:$K$1000,"Did not attend") -> 32 | AE48: =AC48+AD48 -> 32
AB49: Need for elder engagement | AC49: =COUNTIFS('Clean Data'!$U$2:$U$1000,$AB49,'Clean Data'!$K$2:$K$1000,"Attended") -> 27 | AD49: =COUNTIFS('Clean Data'!$U$2:$U$1000,$AB49,'Clean Data'!$K$2:$K$1000,"Did not attend") -> 0 | AE49: =AC49+AD49 -> 27
AB50: Household/time constraints | AC50: =COUNTIFS('Clean Data'!$U$2:$U$1000,$AB50,'Clean Data'!$K$2:$K$1000,"Attended") -> 8 | AD50: =COUNTIFS('Clean Data'!$U$2:$U$1000,$AB50,'Clean Data'!$K$2:$K$1000,"Did not attend") -> 9 | AE50: =AC50+AD50 -> 17
AB51: No major concern | AC51: =COUNTIFS('Clean Data'!$U$2:$U$1000,$AB51,'Clean Data'!$K$2:$K$1000,"Attended") -> 17 | AD51: =COUNTIFS('Clean Data'!$U$2:$U$1000,$AB51,'Clean Data'!$K$2:$K$1000,"Did not attend") -> 0 | AE51: =AC51+AD51 -> 17
AB52: Insufficient prior information | AC52: =COUNTIFS('Clean Data'!$U$2:$U$1000,$AB52,'Clean Data'!$K$2:$K$1000,"Attended") -> 0 | AD52: =COUNTIFS('Clean Data'!$U$2:$U$1000,$AB52,'Clean Data'!$K$2:$K$1000,"Did not attend") -> 14 | AE52: =AC52+AD52 -> 14
AB53: Limited time for questions | AC53: =COUNTIFS('Clean Data'!$U$2:$U$1000,$AB53,'Clean Data'!$K$2:$K$1000,"Attended") -> 14 | AD53: =COUNTIFS('Clean Data'!$U$2:$U$1000,$AB53,'Clean Data'!$K$2:$K$1000,"Did not attend") -> 0 | AE53: =AC53+AD53 -> 14
AB54: Concern about programme purpose | AC54: =COUNTIFS('Clean Data'!$U$2:$U$1000,$AB54,'Clean Data'!$K$2:$K$1000,"Attended") -> 0 | AD54: =COUNTIFS('Clean Data'!$U$2:$U$1000,$AB54,'Clean Data'!$K$2:$K$1000,"Did not attend") -> 10 | AE54: =AC54+AD54 -> 10
AB56: Attendance rate by how people heard (invited via)
AC57: Chart label | AD57: Attended | AE57: Heard via | AF57: Attendance rate
AB58: Teacher/school contact | AC58: =$AB58&" (n="&AE58&")" -> Teacher/school contact (n=20) | AD58: =COUNTIFS('Clean Data'!$J$2:$J$1000,"Teacher/school contact",'Clean Data'!$K$2:$K$1000,"Attended") -> 19 | AE58: =COUNTIFS('Clean Data'!$J$2:$J$1000,"Teacher/school contact") -> 20 | AF58: =IFERROR(AD58/AE58,0) -> 0.95
AB59: Family member | AC59: =$AB59&" (n="&AE59&")" -> Family member (n=30) | AD59: =COUNTIFS('Clean Data'!$J$2:$J$1000,"Family member",'Clean Data'!$K$2:$K$1000,"Attended") -> 26 | AE59: =COUNTIFS('Clean Data'!$J$2:$J$1000,"Family member") -> 30 | AF59: =IFERROR(AD59/AE59,0) -> 0.86666667
B60: 4 · BARRIERS — Why was engagement limited, and which communication channels worked? | AB60: Women’s group representative | AC60: =$AB60&" (n="&AE60&")" -> Women’s group representative (n=13) | AD60: =COUNTIFS('Clean Data'!$J$2:$J$1000,"Women*group representative",'Clean Data'!$K$2:$K$1000,"Attended") -> 11 | AE60: =COUNTIFS('Clean Data'!$J$2:$J$1000,"Women*group representative") -> 13 | AF60: =IFERROR(AD60/AE60,0) -> 0.84615385
B61: Main concern raised (attendees vs non-attendees) | N61: Attendance rate by how people heard about the outreach | AB61: Village/community leader | AC61: =$AB61&" (n="&AE61&")" -> Village/community leader (n=29) | AD61: =COUNTIFS('Clean Data'!$J$2:$J$1000,"Village/community leader",'Clean Data'!$K$2:$K$1000,"Attended") -> 22 | AE61: =COUNTIFS('Clean Data'!$J$2:$J$1000,"Village/community leader") -> 29 | AF61: =IFERROR(AD61/AE61,0) -> 0.75862069
B62: =($AD$48+$AD$52+$AD$54)&" of "&COUNTIFS('Clean Data'!$K$2:$K$1000,"Did not attend")&" non-attendees cited not hearing, too little information or purpose concerns" -> 56 of 70 non-attendees cited not hearing, too little information or purpose concerns | N62: ="Invitations via "&INDEX($AB$58:$AB$64,MATCH(MAX($AF$58:$AF$64),$AF$58:$AF$64,0))&" converted "&TEXT(MAX($AF$58:$AF$64),"0%")&" vs "&TEXT(MIN($AF$58:$AF$64),"0%")&" via "&INDEX($AB$58:$AB$64,MATCH(MIN($AF$58:$AF$64),$AF$58:$AF$64,0)) -> Invitations via Teacher/school contact converted 95% vs 66% via Field team invitation | AB62: Religious/community announcement | AC62: =$AB62&" (n="&AE62&")" -> Religious/community announcement (n=8) | AD62: =COUNTIFS('Clean Data'!$J$2:$J$1000,"Religious/community announcement",'Clean Data'!$K$2:$K$1000,"Attended") -> 6 | AE62: =COUNTIFS('Clean Data'!$J$2:$J$1000,"Religious/community announcement") -> 8 | AF62: =IFERROR(AD62/AE62,0) -> 0.75
AB63: Friend/neighbour | AC63: =$AB63&" (n="&AE63&")" -> Friend/neighbour (n=39) | AD63: =COUNTIFS('Clean Data'!$J$2:$J$1000,"Friend/neighbour",'Clean Data'!$K$2:$K$1000,"Attended") -> 27 | AE63: =COUNTIFS('Clean Data'!$J$2:$J$1000,"Friend/neighbour") -> 39 | AF63: =IFERROR(AD63/AE63,0) -> 0.69230769
AB64: Field team invitation | AC64: =$AB64&" (n="&AE64&")" -> Field team invitation (n=29) | AD64: =COUNTIFS('Clean Data'!$J$2:$J$1000,"Field team invitation",'Clean Data'!$K$2:$K$1000,"Attended") -> 19 | AE64: =COUNTIFS('Clean Data'!$J$2:$J$1000,"Field team invitation") -> 29 | AF64: =IFERROR(AD64/AE64,0) -> 0.65517241
AB66: Preferred communication method (all 200)
AC67: Respondents | AD67: Share
AB68: Local-language community meeting | AC68: =COUNTIFS('Clean Data'!$V$2:$V$1000,"Local-language community meeting") -> 67 | AD68: =AC68/COUNTA('Clean Data'!$A$2:$A$1000) -> 0.335
AB69: Women’s group meeting | AC69: =COUNTIFS('Clean Data'!$V$2:$V$1000,"Women*group meeting") -> 59 | AD69: =AC69/COUNTA('Clean Data'!$A$2:$A$1000) -> 0.295
AB70: School-based session | AC70: =COUNTIFS('Clean Data'!$V$2:$V$1000,"School-based session") -> 34 | AD70: =AC70/COUNTA('Clean Data'!$A$2:$A$1000) -> 0.17
AB71: Home/compound visit | AC71: =COUNTIFS('Clean Data'!$V$2:$V$1000,"Home/compound visit") -> 24 | AD71: =AC71/COUNTA('Clean Data'!$A$2:$A$1000) -> 0.12
AB72: Radio announcement | AC72: =COUNTIFS('Clean Data'!$V$2:$V$1000,"Radio announcement") -> 16 | AD72: =AC72/COUNTA('Clean Data'!$A$2:$A$1000) -> 0.08
AB74: Would attend follow-up
AC75: Respondents | AD75: Share
AB76: Yes | AC76: =COUNTIFS('Clean Data'!$W$2:$W$1000,$AB76) -> 63 | AD76: =AC76/COUNTA('Clean Data'!$A$2:$A$1000) -> 0.315
AB77: Maybe | AC77: =COUNTIFS('Clean Data'!$W$2:$W$1000,$AB77) -> 62 | AD77: =AC77/COUNTA('Clean Data'!$A$2:$A$1000) -> 0.31
AB78: No | AC78: =COUNTIFS('Clean Data'!$W$2:$W$1000,$AB78) -> 75 | AD78: =AC78/COUNTA('Clean Data'!$A$2:$A$1000) -> 0.375
B79: 5 · REDESIGN — How should AII return so the next intervention is understood and trusted?
B80: Preferred way to be reached | J80: Would attend a follow-up? | R80: Avg. satisfaction (1–5) by participant type | AB80: Average satisfaction (1–5) by participant type (attendees)
B81: ="Top two: "&INDEX($AB$68:$AB$72,MATCH(LARGE($AC$68:$AC$72,1),$AC$68:$AC$72,0))&" ("&TEXT(LARGE($AD$68:$AD$72,1),"0%")&") and "&INDEX($AB$68:$AB$72,MATCH(LARGE($AC$68:$AC$72,2),$AC$68:$AC$72,0))&" ("&TEXT(LARGE($AD$68:$AD$72,2),"0%")&")" -> Top two: Local-language community meeting (34%) and Women’s group meeting (30%) | J81: ="Only "&TEXT($AD$76,"0%")&" say yes; "&TEXT($AD$77,"0%")&" are undecided: trust must be rebuilt first" -> Only 32% say yes; 31% are undecided: trust must be rebuilt first | R81: ="Lowest satisfaction: "&INDEX($AB$82:$AB$85,MATCH(MIN($AC$82:$AC$85),$AC$82:$AC$85,0))&" ("&TEXT(MIN($AC$82:$AC$85),"0.0")&" out of 5)" -> Lowest satisfaction: Community stakeholder (1.6 out of 5) | AC81: Avg score
AB82: Adult woman | AC82: =IFERROR(AVERAGEIFS('Clean Data'!$T$2:$T$1000,'Clean Data'!$H$2:$H$1000,$AB82,'Clean Data'!$K$2:$K$1000,"Attended"),0) -> 2.5762712
AB83: Young woman | AC83: =IFERROR(AVERAGEIFS('Clean Data'!$T$2:$T$1000,'Clean Data'!$H$2:$H$1000,$AB83,'Clean Data'!$K$2:$K$1000,"Attended"),0) -> 2.7407407
AB84: Girl | AC84: =IFERROR(AVERAGEIFS('Clean Data'!$T$2:$T$1000,'Clean Data'!$H$2:$H$1000,$AB84,'Clean Data'!$K$2:$K$1000,"Attended"),0) -> 2.4594595
AB85: Community stakeholder | AC85: =IFERROR(AVERAGEIFS('Clean Data'!$T$2:$T$1000,'Clean Data'!$H$2:$H$1000,$AB85,'Clean Data'!$K$2:$K$1000,"Attended"),0) -> 1.5714286
AB87: Average satisfaction by programme understanding
AC88: Avg score
AB89: Clear | AC89: =IFERROR(AVERAGEIFS('Clean Data'!$T$2:$T$1000,'Clean Data'!$N$2:$N$1000,$AB89),0) -> 3.2432432
AB90: Partial | AC90: =IFERROR(AVERAGEIFS('Clean Data'!$T$2:$T$1000,'Clean Data'!$N$2:$N$1000,$AB90),0) -> 2.5238095
AB91: Limited | AC91: =IFERROR(AVERAGEIFS('Clean Data'!$T$2:$T$1000,'Clean Data'!$N$2:$N$1000,$AB91),0) -> 1.6333333
AB93: Would attend follow-up (Yes) by understanding
AC94: Yes | AD94: % yes
AB95: Clear | AC95: =COUNTIFS('Clean Data'!$N$2:$N$1000,$AB95,'Clean Data'!$W$2:$W$1000,"Yes") -> 30 | AD95: =IFERROR(AC95/COUNTIFS('Clean Data'!$N$2:$N$1000,$AB95),0) -> 0.81081081
B96: KEY TAKEAWAYS FOR THE RETURN VISIT (update automatically with the data) | AB96: Partial | AC96: =COUNTIFS('Clean Data'!$N$2:$N$1000,$AB96,'Clean Data'!$W$2:$W$1000,"Yes") -> 13 | AD96: =IFERROR(AC96/COUNTIFS('Clean Data'!$N$2:$N$1000,$AB96),0) -> 0.20634921
B97: ="1. Reach was largely a communication problem: "&$AD$48&" women never heard of the outreach, and "&TEXT(($AD$48+$AD$52+$AD$54)/COUNTIFS('Clean Data'!$K$2:$K$1000,"Did not attend"),"0%")&" of non-attendees cited awareness, information or purpose concerns." -> 1. Reach was largely a communication problem: 32 women never heard of the outreach, and 80% of non-attendees cited awareness, information or purpose concerns. | AB97: Limited | AC97: =COUNTIFS('Clean Data'!$N$2:$N$1000,$AB97,'Clean Data'!$W$2:$W$1000,"Yes") -> 0 | AD97: =IFERROR(AC97/COUNTIFS('Clean Data'!$N$2:$N$1000,$AB97),0) -> 0
B98: ="2. Language decided understanding: no attendee without English proficiency understood the programme clearly ("&$AC$19&" of "&$AF$19&"), versus "&TEXT($AG$22,"0%")&" of fluent speakers. A local-language interpreter or facilitator is essential." -> 2. Language decided understanding: no attendee without English proficiency understood the programme clearly (0 of 49), versus 93% of fluent speakers. A local-language interpreter or facilitator is essential.
B99: ="3. The purpose was misread: only "&TEXT($AD$26,"0%")&" of attendees described it correctly and "&TEXT($AD$30,"0%")&" suspected outside influence, which is the root of the 'brainwashing' fear." -> 3. The purpose was misread: only 28% of attendees described it correctly and 28% suspected outside influence, which is the root of the 'brainwashing' fear.
B100: ="4. Understanding builds trust and return: "&TEXT($AI$34,"0%")&" of clear-understanding attendees have high trust vs "&TEXT($AI$36,"0%")&" of limited-understanding; "&TEXT($AD$95,"0%")&" of the former would return vs "&TEXT($AD$97,"0%")&" of the latter (satisfaction "&TEXT($AC$89,"0.0")&" vs "&TEXT($AC$91,"0.0")&")." -> 4. Understanding builds trust and return: 49% of clear-understanding attendees have high trust vs 7% of limited-understanding; 81% of the former would return vs 0% of the latter (satisfaction 3.2 vs 1.6).
B101: ="5. Trusted messengers work: invitations via "&INDEX($AB$58:$AB$64,MATCH(MAX($AF$58:$AF$64),$AF$58:$AF$64,0))&" converted "&TEXT(MAX($AF$58:$AF$64),"0%")&" vs "&TEXT(MIN($AF$58:$AF$64),"0%")&" for "&INDEX($AB$58:$AB$64,MATCH(MIN($AF$58:$AF$64),$AF$58:$AF$64,0))&". Engage elders, teachers and women's group leaders before the event." -> 5. Trusted messengers work: invitations via Teacher/school contact converted 95% vs 66% for Field team invitation. Engage elders, teachers and women's group leaders before the event.
B102: ="6. Return in the right format: the community prefers "&INDEX($AB$68:$AB$72,MATCH(LARGE($AC$68:$AC$72,1),$AC$68:$AC$72,0))&" and "&INDEX($AB$68:$AB$72,MATCH(LARGE($AC$68:$AC$72,2),$AC$68:$AC$72,0))&". Only "&TEXT($AD$76,"0%")&" would definitely attend a follow-up, so rebuild trust before scheduling it." -> 6. Return in the right format: the community prefers Local-language community meeting and Women’s group meeting. Only 32% would definitely attend a follow-up, so rebuild trust before scheduling it.
B104: Source: Clean Data tab (aderyn_impact_outreach_dataset), n = 200. Understanding, trust, participation and satisfaction were recorded for attendees only (130). Chart data sits to the right (column AB onward).

Sheet Recommendations
